-- phpMyAdmin SQL Dump
-- version 4.8.0
-- https://www.phpmyadmin.net/
--
-- Host: db
-- Erstellungszeit: 30. Apr 2018 um 15:15
-- Server-Version: 10.2.14-MariaDB-10.2.14+maria~jessie
-- PHP-Version: 7.2.4

SET SQL_MODE = "NO_AUTO_VALUE_ON_ZERO";
SET AUTOCOMMIT = 0;
START TRANSACTION;
SET time_zone = "+00:00";


/*!40101 SET @OLD_CHARACTER_SET_CLIENT=@@CHARACTER_SET_CLIENT */;
/*!40101 SET @OLD_CHARACTER_SET_RESULTS=@@CHARACTER_SET_RESULTS */;
/*!40101 SET @OLD_COLLATION_CONNECTION=@@COLLATION_CONNECTION */;
/*!40101 SET NAMES utf8mb4 */;

--
-- Datenbank: `swp`
--
CREATE DATABASE IF NOT EXISTS `swp` DEFAULT CHARACTER SET latin1 COLLATE latin1_swedish_ci;
USE `swp`;

-- --------------------------------------------------------

--
-- Tabellenstruktur für Tabelle `report`
--

CREATE TABLE `report` (
  `id` bigint(20) NOT NULL,
  `date` date NOT NULL,
  `status` int(11) NOT NULL,
  `user_id` bigint(20) NOT NULL
) ENGINE=InnoDB DEFAULT CHARSET=latin1;

--
-- Daten für Tabelle `report`
--

INSERT INTO `report` (`id`, `date`, `status`, `user_id`) VALUES
(1, '2017-10-14', 0, 13),
(2, '2017-10-30', 2, 11),
(3, '2018-03-26', 0, 18),
(4, '2018-03-12', 2, 23),
(5, '2018-03-04', 0, 20),
(6, '2017-10-15', 0, 26),
(7, '2018-02-07', 0, 14),
(8, '2017-10-23', 3, 24),
(9, '2018-01-24', 2, 33),
(10, '2018-01-11', 1, 18),
(11, '2018-04-13', 2, 19),
(12, '2017-11-24', 0, 24),
(13, '2017-09-18', 3, 21),
(14, '2018-02-13', 0, 11),
(15, '2017-12-02', 2, 13),
(16, '2017-11-16', 1, 29),
(17, '2018-03-02', 0, 10),
(18, '2018-03-07', 0, 25),
(19, '2017-11-13', 0, 35),
(20, '2018-02-26', 1, 7),
(21, '2017-11-23', 2, 18),
(22, '2017-11-05', 1, 16),
(23, '2018-02-02', 1, 34),
(24, '2017-11-01', 1, 11),
(25, '2018-01-16', 0, 21),
(26, '2018-04-10', 2, 28),
(27, '2017-12-14', 0, 11),
(28, '2018-03-06', 1, 31),
(29, '2017-09-05', 0, 35),
(30, '2017-09-24', 1, 32),
(31, '2018-02-19', 0, 15),
(32, '2017-12-03', 1, 7),
(33, '2018-01-01', 0, 11),
(34, '2017-09-25', 1, 9),
(35, '2018-03-23', 1, 17),
(36, '2018-04-03', 1, 22),
(37, '2017-11-01', 1, 20),
(38, '2018-01-16', 2, 33),
(39, '2018-02-01', 2, 22),
(40, '2018-04-12', 1, 17),
(41, '2018-03-25', 0, 6),
(42, '2018-04-17', 0, 22),
(43, '2018-01-18', 0, 30),
(44, '2018-02-24', 2, 31),
(45, '2018-01-21', 1, 20),
(46, '2018-03-28', 0, 12),
(47, '2017-12-13', 0, 34),
(48, '2017-12-11', 1, 7),
(49, '2018-01-19', 2, 36),
(50, '2017-12-28', 1, 19),
(51, '2017-12-26', 3, 33),
(52, '2017-12-10', 0, 29),
(53, '2017-11-15', 1, 8),
(54, '2017-11-07', 1, 9),
(55, '2017-10-13', 0, 14),
(56, '2017-10-21', 2, 11),
(57, '2018-01-31', 1, 7),
(58, '2017-11-10', 0, 27),
(59, '2017-11-06', 0, 11),
(60, '2017-10-10', 1, 27),
(61, '2017-12-17', 2, 29),
(62, '2018-01-26', 1, 15),
(63, '2017-12-23', 1, 18),
(64, '2017-10-10', 2, 23),
(65, '2017-09-20', 0, 30),
(66, '2017-09-08', 2, 31),
(67, '2017-09-27', 0, 16),
(68, '2017-09-01', 0, 19),
(69, '2017-10-25', 1, 17),
(70, '2017-10-09', 0, 19),
(71, '2018-04-05', 3, 33),
(72, '2017-12-25', 3, 34),
(73, '2017-09-01', 1, 11),
(74, '2017-12-08', 1, 8),
(75, '2017-11-13', 0, 13),
(76, '2017-12-06', 0, 25),
(77, '2018-02-18', 1, 24),
(78, '2018-03-10', 1, 7),
(79, '2017-12-30', 1, 22),
(80, '2018-02-07', 1, 16),
(81, '2018-01-01', 2, 9),
(82, '2018-02-08', 0, 23),
(83, '2018-04-11', 1, 30),
(84, '2017-11-15', 0, 17),
(85, '2017-11-20', 2, 12),
(86, '2018-03-17', 2, 8),
(87, '2018-01-13', 2, 24),
(88, '2017-10-26', 1, 30),
(89, '2017-09-07', 2, 23),
(90, '2017-10-05', 0, 9),
(91, '2017-11-09', 1, 14),
(92, '2017-11-09', 0, 15),
(93, '2017-10-27', 1, 13),
(94, '2018-01-14', 0, 15),
(95, '2017-12-26', 2, 18),
(96, '2018-02-16', 1, 15),
(97, '2017-11-09', 2, 19),
(98, '2017-12-13', 0, 23),
(99, '2017-10-06', 2, 19),
(100, '2018-03-19', 2, 19);

-- --------------------------------------------------------

--
-- Tabellenstruktur für Tabelle `report_revision`
--

CREATE TABLE `report_revision` (
  `id` bigint(20) NOT NULL,
  `report_id` bigint(20) NOT NULL,
  `number` int(11) NOT NULL,
  `text1` text DEFAULT NULL,
  `text2` text DEFAULT NULL,
  `text3` text DEFAULT NULL,
  `hours1` int(11) DEFAULT NULL,
  `hours2` int(11) DEFAULT NULL,
  `hours3` int(11) DEFAULT NULL,
  `comment` text DEFAULT NULL
) ENGINE=InnoDB DEFAULT CHARSET=latin1;

--
-- Daten für Tabelle `report_revision`
--

INSERT INTO `report_revision` (`id`, `report_id`, `number`, `text1`, `text2`, `text3`, `hours1`, `hours2`, `hours3`, `comment`) VALUES
(1, 99, 0, 'Dies ist eine Aufzählung:\n- Aufzählung\n- Aufzählung\n- Aufzählung\n- Aufzählung\n- Aufzählung\n- Aufzählung\n- Aufzählung\n\nFazit. Fazit. Fazit.', 'Dies ist eine Aufzählung:\n- Aufzählung\n- Aufzählung\n- Aufzählung\n- Aufzählung\n- Aufzählung\n- Aufzählung\n- Aufzählung\n\nFazit. Fazit. Fazit.', 'Dies ist ein Fließtext Beispiel. Dies ist ein Fließtext Beispiel. Dies ist ein Fließtext Beispiel. Dies ist ein Fließtext Beispiel. Dies ist ein Fließtext Beispiel. Dies ist ein Fließtext Beispiel. Dies ist ein Fließtext Beispiel. Dies ist ein Fließtext Beispiel. Dies ist ein Fließtext Beispiel. Dies ist ein Fließtext Beispiel. Dies ist ein Fließtext Beispiel. Dies ist ein Fließtext Beispiel.', 8, 12, 4, 'kommentar'),
(2, 20, 0, 'Dies ist eine Aufzählung:\n- Aufzählung\n- Aufzählung\n- Aufzählung\n- Aufzählung\n- Aufzählung\n- Aufzählung\n- Aufzählung\n\nFazit. Fazit. Fazit.', 'Dies ist eine Aufzählung:\n- Aufzählung\n- Aufzählung\n- Aufzählung\n- Aufzählung\n- Aufzählung\n- Aufzählung\n- Aufzählung\n\nFazit. Fazit. Fazit.', 'Bacon ipsum dolor amet jowl sausage doner ground round, turkey meatloaf jerky short ribs leberkas salami pork belly rump fatback chicken venison. Pastrami drumstick pork meatloaf salami, hamburger landjaeger bacon sausage turducken corned beef.', 4, 5, 7, 'kommentar'),
(3, 22, 0, 'Dies ist eine Aufzählung:\n- Aufzählung\n- Aufzählung\n- Aufzählung\n- Aufzählung\n- Aufzählung\n- Aufzählung\n- Aufzählung\n\nFazit. Fazit. Fazit.', 'Dies ist eine Aufzählung:\n- Aufzählung\n- Aufzählung\n- Aufzählung\n- Aufzählung\n- Aufzählung\n- Aufzählung\n- Aufzählung\n\nFazit. Fazit. Fazit.', 'Dies ist ein Fließtext Beispiel. Dies ist ein Fließtext Beispiel. Dies ist ein Fließtext Beispiel. Dies ist ein Fließtext Beispiel. Dies ist ein Fließtext Beispiel. Dies ist ein Fließtext Beispiel. Dies ist ein Fließtext Beispiel. Dies ist ein Fließtext Beispiel. Dies ist ein Fließtext Beispiel. Dies ist ein Fließtext Beispiel. Dies ist ein Fließtext Beispiel. Dies ist ein Fließtext Beispiel.', 11, 10, 11, 'kommentar'),
(4, 86, 0, 'Dies ist ein Fließtext Beispiel. Dies ist ein Fließtext Beispiel. Dies ist ein Fließtext Beispiel. Dies ist ein Fließtext Beispiel. Dies ist ein Fließtext Beispiel. Dies ist ein Fließtext Beispiel. Dies ist ein Fließtext Beispiel. Dies ist ein Fließtext Beispiel. Dies ist ein Fließtext Beispiel. Dies ist ein Fließtext Beispiel. Dies ist ein Fließtext Beispiel. Dies ist ein Fließtext Beispiel.', 'Dies ist eine Aufzählung:\n- Aufzählung\n- Aufzählung\n- Aufzählung\n- Aufzählung\n- Aufzählung\n- Aufzählung\n- Aufzählung\n\nFazit. Fazit. Fazit.', 'Bacon ipsum dolor amet jowl sausage doner ground round, turkey meatloaf jerky short ribs leberkas salami pork belly rump fatback chicken venison. Pastrami drumstick pork meatloaf salami, hamburger landjaeger bacon sausage turducken corned beef.', 6, 11, 7, 'kommentar'),
(5, 2, 0, 'Bacon ipsum dolor amet jowl sausage doner ground round, turkey meatloaf jerky short ribs leberkas salami pork belly rump fatback chicken venison. Pastrami drumstick pork meatloaf salami, hamburger landjaeger bacon sausage turducken corned beef.', 'Dies ist eine Aufzählung:\n- Aufzählung\n- Aufzählung\n- Aufzählung\n- Aufzählung\n- Aufzählung\n- Aufzählung\n- Aufzählung\n\nFazit. Fazit. Fazit.', 'Dies ist ein Fließtext Beispiel. Dies ist ein Fließtext Beispiel. Dies ist ein Fließtext Beispiel. Dies ist ein Fließtext Beispiel. Dies ist ein Fließtext Beispiel. Dies ist ein Fließtext Beispiel. Dies ist ein Fließtext Beispiel. Dies ist ein Fließtext Beispiel. Dies ist ein Fließtext Beispiel. Dies ist ein Fließtext Beispiel. Dies ist ein Fließtext Beispiel. Dies ist ein Fließtext Beispiel.', 11, 4, 3, 'kommentar'),
(6, 9, 0, 'Bacon ipsum dolor amet jowl sausage doner ground round, turkey meatloaf jerky short ribs leberkas salami pork belly rump fatback chicken venison. Pastrami drumstick pork meatloaf salami, hamburger landjaeger bacon sausage turducken corned beef.', 'Bacon ipsum dolor amet jowl sausage doner ground round, turkey meatloaf jerky short ribs leberkas salami pork belly rump fatback chicken venison. Pastrami drumstick pork meatloaf salami, hamburger landjaeger bacon sausage turducken corned beef.', 'Dies ist ein Fließtext Beispiel. Dies ist ein Fließtext Beispiel. Dies ist ein Fließtext Beispiel. Dies ist ein Fließtext Beispiel. Dies ist ein Fließtext Beispiel. Dies ist ein Fließtext Beispiel. Dies ist ein Fließtext Beispiel. Dies ist ein Fließtext Beispiel. Dies ist ein Fließtext Beispiel. Dies ist ein Fließtext Beispiel. Dies ist ein Fließtext Beispiel. Dies ist ein Fließtext Beispiel.', 11, 10, 7, 'kommentar'),
(7, 81, 0, 'Bacon ipsum dolor amet jowl sausage doner ground round, turkey meatloaf jerky short ribs leberkas salami pork belly rump fatback chicken venison. Pastrami drumstick pork meatloaf salami, hamburger landjaeger bacon sausage turducken corned beef.', 'Dies ist eine Aufzählung:\n- Aufzählung\n- Aufzählung\n- Aufzählung\n- Aufzählung\n- Aufzählung\n- Aufzählung\n- Aufzählung\n\nFazit. Fazit. Fazit.', 'Dies ist eine Aufzählung:\n- Aufzählung\n- Aufzählung\n- Aufzählung\n- Aufzählung\n- Aufzählung\n- Aufzählung\n- Aufzählung\n\nFazit. Fazit. Fazit.', 9, 9, 4, 'kommentar'),
(8, 30, 0, 'Dies ist eine Aufzählung:\n- Aufzählung\n- Aufzählung\n- Aufzählung\n- Aufzählung\n- Aufzählung\n- Aufzählung\n- Aufzählung\n\nFazit. Fazit. Fazit.', 'Dies ist eine Aufzählung:\n- Aufzählung\n- Aufzählung\n- Aufzählung\n- Aufzählung\n- Aufzählung\n- Aufzählung\n- Aufzählung\n\nFazit. Fazit. Fazit.', 'Bacon ipsum dolor amet jowl sausage doner ground round, turkey meatloaf jerky short ribs leberkas salami pork belly rump fatback chicken venison. Pastrami drumstick pork meatloaf salami, hamburger landjaeger bacon sausage turducken corned beef.', 8, 2, 5, 'kommentar'),
(9, 85, 0, 'Dies ist eine Aufzählung:\n- Aufzählung\n- Aufzählung\n- Aufzählung\n- Aufzählung\n- Aufzählung\n- Aufzählung\n- Aufzählung\n\nFazit. Fazit. Fazit.', 'Dies ist ein Fließtext Beispiel. Dies ist ein Fließtext Beispiel. Dies ist ein Fließtext Beispiel. Dies ist ein Fließtext Beispiel. Dies ist ein Fließtext Beispiel. Dies ist ein Fließtext Beispiel. Dies ist ein Fließtext Beispiel. Dies ist ein Fließtext Beispiel. Dies ist ein Fließtext Beispiel. Dies ist ein Fließtext Beispiel. Dies ist ein Fließtext Beispiel. Dies ist ein Fließtext Beispiel.', 'Dies ist ein Fließtext Beispiel. Dies ist ein Fließtext Beispiel. Dies ist ein Fließtext Beispiel. Dies ist ein Fließtext Beispiel. Dies ist ein Fließtext Beispiel. Dies ist ein Fließtext Beispiel. Dies ist ein Fließtext Beispiel. Dies ist ein Fließtext Beispiel. Dies ist ein Fließtext Beispiel. Dies ist ein Fließtext Beispiel. Dies ist ein Fließtext Beispiel. Dies ist ein Fließtext Beispiel.', 8, 11, 3, 'kommentar'),
(10, 95, 0, 'Dies ist eine Aufzählung:\n- Aufzählung\n- Aufzählung\n- Aufzählung\n- Aufzählung\n- Aufzählung\n- Aufzählung\n- Aufzählung\n\nFazit. Fazit. Fazit.', 'Dies ist ein Fließtext Beispiel. Dies ist ein Fließtext Beispiel. Dies ist ein Fließtext Beispiel. Dies ist ein Fließtext Beispiel. Dies ist ein Fließtext Beispiel. Dies ist ein Fließtext Beispiel. Dies ist ein Fließtext Beispiel. Dies ist ein Fließtext Beispiel. Dies ist ein Fließtext Beispiel. Dies ist ein Fließtext Beispiel. Dies ist ein Fließtext Beispiel. Dies ist ein Fließtext Beispiel.', 'Dies ist ein Fließtext Beispiel. Dies ist ein Fließtext Beispiel. Dies ist ein Fließtext Beispiel. Dies ist ein Fließtext Beispiel. Dies ist ein Fließtext Beispiel. Dies ist ein Fließtext Beispiel. Dies ist ein Fließtext Beispiel. Dies ist ein Fließtext Beispiel. Dies ist ein Fließtext Beispiel. Dies ist ein Fließtext Beispiel. Dies ist ein Fließtext Beispiel. Dies ist ein Fließtext Beispiel.', 9, 3, 5, 'kommentar'),
(11, 77, 0, 'Dies ist eine Aufzählung:\n- Aufzählung\n- Aufzählung\n- Aufzählung\n- Aufzählung\n- Aufzählung\n- Aufzählung\n- Aufzählung\n\nFazit. Fazit. Fazit.', 'Dies ist ein Fließtext Beispiel. Dies ist ein Fließtext Beispiel. Dies ist ein Fließtext Beispiel. Dies ist ein Fließtext Beispiel. Dies ist ein Fließtext Beispiel. Dies ist ein Fließtext Beispiel. Dies ist ein Fließtext Beispiel. Dies ist ein Fließtext Beispiel. Dies ist ein Fließtext Beispiel. Dies ist ein Fließtext Beispiel. Dies ist ein Fließtext Beispiel. Dies ist ein Fließtext Beispiel.', 'Dies ist ein Fließtext Beispiel. Dies ist ein Fließtext Beispiel. Dies ist ein Fließtext Beispiel. Dies ist ein Fließtext Beispiel. Dies ist ein Fließtext Beispiel. Dies ist ein Fließtext Beispiel. Dies ist ein Fließtext Beispiel. Dies ist ein Fließtext Beispiel. Dies ist ein Fließtext Beispiel. Dies ist ein Fließtext Beispiel. Dies ist ein Fließtext Beispiel. Dies ist ein Fließtext Beispiel.', 6, 5, 12, 'kommentar'),
(12, 4, 0, 'Bacon ipsum dolor amet jowl sausage doner ground round, turkey meatloaf jerky short ribs leberkas salami pork belly rump fatback chicken venison. Pastrami drumstick pork meatloaf salami, hamburger landjaeger bacon sausage turducken corned beef.', 'Bacon ipsum dolor amet jowl sausage doner ground round, turkey meatloaf jerky short ribs leberkas salami pork belly rump fatback chicken venison. Pastrami drumstick pork meatloaf salami, hamburger landjaeger bacon sausage turducken corned beef.', 'Bacon ipsum dolor amet jowl sausage doner ground round, turkey meatloaf jerky short ribs leberkas salami pork belly rump fatback chicken venison. Pastrami drumstick pork meatloaf salami, hamburger landjaeger bacon sausage turducken corned beef.', 11, 10, 4, 'kommentar'),
(13, 4, 1, 'Bacon ipsum dolor amet jowl sausage doner ground round, turkey meatloaf jerky short ribs leberkas salami pork belly rump fatback chicken venison. Pastrami drumstick pork meatloaf salami, hamburger landjaeger bacon sausage turducken corned beef.', 'Bacon ipsum dolor amet jowl sausage doner ground round, turkey meatloaf jerky short ribs leberkas salami pork belly rump fatback chicken venison. Pastrami drumstick pork meatloaf salami, hamburger landjaeger bacon sausage turducken corned beef.', 'Dies ist eine Aufzählung:\n- Aufzählung\n- Aufzählung\n- Aufzählung\n- Aufzählung\n- Aufzählung\n- Aufzählung\n- Aufzählung\n\nFazit. Fazit. Fazit.', 12, 11, 5, 'kommentar'),
(14, 38, 0, 'Dies ist ein Fließtext Beispiel. Dies ist ein Fließtext Beispiel. Dies ist ein Fließtext Beispiel. Dies ist ein Fließtext Beispiel. Dies ist ein Fließtext Beispiel. Dies ist ein Fließtext Beispiel. Dies ist ein Fließtext Beispiel. Dies ist ein Fließtext Beispiel. Dies ist ein Fließtext Beispiel. Dies ist ein Fließtext Beispiel. Dies ist ein Fließtext Beispiel. Dies ist ein Fließtext Beispiel.', 'Bacon ipsum dolor amet jowl sausage doner ground round, turkey meatloaf jerky short ribs leberkas salami pork belly rump fatback chicken venison. Pastrami drumstick pork meatloaf salami, hamburger landjaeger bacon sausage turducken corned beef.', 'Dies ist eine Aufzählung:\n- Aufzählung\n- Aufzählung\n- Aufzählung\n- Aufzählung\n- Aufzählung\n- Aufzählung\n- Aufzählung\n\nFazit. Fazit. Fazit.', 2, 8, 5, 'kommentar'),
(15, 32, 0, 'Dies ist eine Aufzählung:\n- Aufzählung\n- Aufzählung\n- Aufzählung\n- Aufzählung\n- Aufzählung\n- Aufzählung\n- Aufzählung\n\nFazit. Fazit. Fazit.', 'Dies ist eine Aufzählung:\n- Aufzählung\n- Aufzählung\n- Aufzählung\n- Aufzählung\n- Aufzählung\n- Aufzählung\n- Aufzählung\n\nFazit. Fazit. Fazit.', 'Dies ist eine Aufzählung:\n- Aufzählung\n- Aufzählung\n- Aufzählung\n- Aufzählung\n- Aufzählung\n- Aufzählung\n- Aufzählung\n\nFazit. Fazit. Fazit.', 3, 6, 7, 'kommentar'),
(16, 61, 0, 'Bacon ipsum dolor amet jowl sausage doner ground round, turkey meatloaf jerky short ribs leberkas salami pork belly rump fatback chicken venison. Pastrami drumstick pork meatloaf salami, hamburger landjaeger bacon sausage turducken corned beef.', 'Bacon ipsum dolor amet jowl sausage doner ground round, turkey meatloaf jerky short ribs leberkas salami pork belly rump fatback chicken venison. Pastrami drumstick pork meatloaf salami, hamburger landjaeger bacon sausage turducken corned beef.', 'Dies ist eine Aufzählung:\n- Aufzählung\n- Aufzählung\n- Aufzählung\n- Aufzählung\n- Aufzählung\n- Aufzählung\n- Aufzählung\n\nFazit. Fazit. Fazit.', 6, 9, 2, 'kommentar'),
(17, 40, 0, 'Bacon ipsum dolor amet jowl sausage doner ground round, turkey meatloaf jerky short ribs leberkas salami pork belly rump fatback chicken venison. Pastrami drumstick pork meatloaf salami, hamburger landjaeger bacon sausage turducken corned beef.', 'Dies ist eine Aufzählung:\n- Aufzählung\n- Aufzählung\n- Aufzählung\n- Aufzählung\n- Aufzählung\n- Aufzählung\n- Aufzählung\n\nFazit. Fazit. Fazit.', 'Bacon ipsum dolor amet jowl sausage doner ground round, turkey meatloaf jerky short ribs leberkas salami pork belly rump fatback chicken venison. Pastrami drumstick pork meatloaf salami, hamburger landjaeger bacon sausage turducken corned beef.', 2, 7, 6, 'kommentar'),
(18, 51, 0, 'Dies ist eine Aufzählung:\n- Aufzählung\n- Aufzählung\n- Aufzählung\n- Aufzählung\n- Aufzählung\n- Aufzählung\n- Aufzählung\n\nFazit. Fazit. Fazit.', 'Bacon ipsum dolor amet jowl sausage doner ground round, turkey meatloaf jerky short ribs leberkas salami pork belly rump fatback chicken venison. Pastrami drumstick pork meatloaf salami, hamburger landjaeger bacon sausage turducken corned beef.', 'Bacon ipsum dolor amet jowl sausage doner ground round, turkey meatloaf jerky short ribs leberkas salami pork belly rump fatback chicken venison. Pastrami drumstick pork meatloaf salami, hamburger landjaeger bacon sausage turducken corned beef.', 5, 9, 2, 'kommentar'),
(19, 73, 0, 'Dies ist eine Aufzählung:\n- Aufzählung\n- Aufzählung\n- Aufzählung\n- Aufzählung\n- Aufzählung\n- Aufzählung\n- Aufzählung\n\nFazit. Fazit. Fazit.', 'Bacon ipsum dolor amet jowl sausage doner ground round, turkey meatloaf jerky short ribs leberkas salami pork belly rump fatback chicken venison. Pastrami drumstick pork meatloaf salami, hamburger landjaeger bacon sausage turducken corned beef.', 'Dies ist eine Aufzählung:\n- Aufzählung\n- Aufzählung\n- Aufzählung\n- Aufzählung\n- Aufzählung\n- Aufzählung\n- Aufzählung\n\nFazit. Fazit. Fazit.', 11, 4, 5, 'kommentar'),
(20, 38, 1, 'Dies ist ein Fließtext Beispiel. Dies ist ein Fließtext Beispiel. Dies ist ein Fließtext Beispiel. Dies ist ein Fließtext Beispiel. Dies ist ein Fließtext Beispiel. Dies ist ein Fließtext Beispiel. Dies ist ein Fließtext Beispiel. Dies ist ein Fließtext Beispiel. Dies ist ein Fließtext Beispiel. Dies ist ein Fließtext Beispiel. Dies ist ein Fließtext Beispiel. Dies ist ein Fließtext Beispiel.', 'Bacon ipsum dolor amet jowl sausage doner ground round, turkey meatloaf jerky short ribs leberkas salami pork belly rump fatback chicken venison. Pastrami drumstick pork meatloaf salami, hamburger landjaeger bacon sausage turducken corned beef.', 'Dies ist eine Aufzählung:\n- Aufzählung\n- Aufzählung\n- Aufzählung\n- Aufzählung\n- Aufzählung\n- Aufzählung\n- Aufzählung\n\nFazit. Fazit. Fazit.', 3, 9, 6, 'kommentar'),
(21, 95, 1, 'Bacon ipsum dolor amet jowl sausage doner ground round, turkey meatloaf jerky short ribs leberkas salami pork belly rump fatback chicken venison. Pastrami drumstick pork meatloaf salami, hamburger landjaeger bacon sausage turducken corned beef.', 'Dies ist eine Aufzählung:\n- Aufzählung\n- Aufzählung\n- Aufzählung\n- Aufzählung\n- Aufzählung\n- Aufzählung\n- Aufzählung\n\nFazit. Fazit. Fazit.', 'Bacon ipsum dolor amet jowl sausage doner ground round, turkey meatloaf jerky short ribs leberkas salami pork belly rump fatback chicken venison. Pastrami drumstick pork meatloaf salami, hamburger landjaeger bacon sausage turducken corned beef.', 10, 4, 6, 'kommentar'),
(22, 13, 0, 'Dies ist ein Fließtext Beispiel. Dies ist ein Fließtext Beispiel. Dies ist ein Fließtext Beispiel. Dies ist ein Fließtext Beispiel. Dies ist ein Fließtext Beispiel. Dies ist ein Fließtext Beispiel. Dies ist ein Fließtext Beispiel. Dies ist ein Fließtext Beispiel. Dies ist ein Fließtext Beispiel. Dies ist ein Fließtext Beispiel. Dies ist ein Fließtext Beispiel. Dies ist ein Fließtext Beispiel.', 'Bacon ipsum dolor amet jowl sausage doner ground round, turkey meatloaf jerky short ribs leberkas salami pork belly rump fatback chicken venison. Pastrami drumstick pork meatloaf salami, hamburger landjaeger bacon sausage turducken corned beef.', 'Dies ist ein Fließtext Beispiel. Dies ist ein Fließtext Beispiel. Dies ist ein Fließtext Beispiel. Dies ist ein Fließtext Beispiel. Dies ist ein Fließtext Beispiel. Dies ist ein Fließtext Beispiel. Dies ist ein Fließtext Beispiel. Dies ist ein Fließtext Beispiel. Dies ist ein Fließtext Beispiel. Dies ist ein Fließtext Beispiel. Dies ist ein Fließtext Beispiel. Dies ist ein Fließtext Beispiel.', 2, 10, 2, 'kommentar'),
(23, 72, 0, 'Dies ist ein Fließtext Beispiel. Dies ist ein Fließtext Beispiel. Dies ist ein Fließtext Beispiel. Dies ist ein Fließtext Beispiel. Dies ist ein Fließtext Beispiel. Dies ist ein Fließtext Beispiel. Dies ist ein Fließtext Beispiel. Dies ist ein Fließtext Beispiel. Dies ist ein Fließtext Beispiel. Dies ist ein Fließtext Beispiel. Dies ist ein Fließtext Beispiel. Dies ist ein Fließtext Beispiel.', 'Bacon ipsum dolor amet jowl sausage doner ground round, turkey meatloaf jerky short ribs leberkas salami pork belly rump fatback chicken venison. Pastrami drumstick pork meatloaf salami, hamburger landjaeger bacon sausage turducken corned beef.', 'Dies ist eine Aufzählung:\n- Aufzählung\n- Aufzählung\n- Aufzählung\n- Aufzählung\n- Aufzählung\n- Aufzählung\n- Aufzählung\n\nFazit. Fazit. Fazit.', 10, 7, 1, 'kommentar'),
(24, 66, 0, 'Bacon ipsum dolor amet jowl sausage doner ground round, turkey meatloaf jerky short ribs leberkas salami pork belly rump fatback chicken venison. Pastrami drumstick pork meatloaf salami, hamburger landjaeger bacon sausage turducken corned beef.', 'Dies ist ein Fließtext Beispiel. Dies ist ein Fließtext Beispiel. Dies ist ein Fließtext Beispiel. Dies ist ein Fließtext Beispiel. Dies ist ein Fließtext Beispiel. Dies ist ein Fließtext Beispiel. Dies ist ein Fließtext Beispiel. Dies ist ein Fließtext Beispiel. Dies ist ein Fließtext Beispiel. Dies ist ein Fließtext Beispiel. Dies ist ein Fließtext Beispiel. Dies ist ein Fließtext Beispiel.', 'Dies ist eine Aufzählung:\n- Aufzählung\n- Aufzählung\n- Aufzählung\n- Aufzählung\n- Aufzählung\n- Aufzählung\n- Aufzählung\n\nFazit. Fazit. Fazit.', 10, 7, 5, 'kommentar'),
(25, 11, 0, 'Dies ist ein Fließtext Beispiel. Dies ist ein Fließtext Beispiel. Dies ist ein Fließtext Beispiel. Dies ist ein Fließtext Beispiel. Dies ist ein Fließtext Beispiel. Dies ist ein Fließtext Beispiel. Dies ist ein Fließtext Beispiel. Dies ist ein Fließtext Beispiel. Dies ist ein Fließtext Beispiel. Dies ist ein Fließtext Beispiel. Dies ist ein Fließtext Beispiel. Dies ist ein Fließtext Beispiel.', 'Dies ist eine Aufzählung:\n- Aufzählung\n- Aufzählung\n- Aufzählung\n- Aufzählung\n- Aufzählung\n- Aufzählung\n- Aufzählung\n\nFazit. Fazit. Fazit.', 'Bacon ipsum dolor amet jowl sausage doner ground round, turkey meatloaf jerky short ribs leberkas salami pork belly rump fatback chicken venison. Pastrami drumstick pork meatloaf salami, hamburger landjaeger bacon sausage turducken corned beef.', 11, 9, 3, 'kommentar'),
(26, 51, 1, 'Bacon ipsum dolor amet jowl sausage doner ground round, turkey meatloaf jerky short ribs leberkas salami pork belly rump fatback chicken venison. Pastrami drumstick pork meatloaf salami, hamburger landjaeger bacon sausage turducken corned beef.', 'Dies ist eine Aufzählung:\n- Aufzählung\n- Aufzählung\n- Aufzählung\n- Aufzählung\n- Aufzählung\n- Aufzählung\n- Aufzählung\n\nFazit. Fazit. Fazit.', 'Bacon ipsum dolor amet jowl sausage doner ground round, turkey meatloaf jerky short ribs leberkas salami pork belly rump fatback chicken venison. Pastrami drumstick pork meatloaf salami, hamburger landjaeger bacon sausage turducken corned beef.', 6, 10, 3, 'kommentar'),
(27, 61, 1, 'Dies ist ein Fließtext Beispiel. Dies ist ein Fließtext Beispiel. Dies ist ein Fließtext Beispiel. Dies ist ein Fließtext Beispiel. Dies ist ein Fließtext Beispiel. Dies ist ein Fließtext Beispiel. Dies ist ein Fließtext Beispiel. Dies ist ein Fließtext Beispiel. Dies ist ein Fließtext Beispiel. Dies ist ein Fließtext Beispiel. Dies ist ein Fließtext Beispiel. Dies ist ein Fließtext Beispiel.', 'Dies ist ein Fließtext Beispiel. Dies ist ein Fließtext Beispiel. Dies ist ein Fließtext Beispiel. Dies ist ein Fließtext Beispiel. Dies ist ein Fließtext Beispiel. Dies ist ein Fließtext Beispiel. Dies ist ein Fließtext Beispiel. Dies ist ein Fließtext Beispiel. Dies ist ein Fließtext Beispiel. Dies ist ein Fließtext Beispiel. Dies ist ein Fließtext Beispiel. Dies ist ein Fließtext Beispiel.', 'Dies ist ein Fließtext Beispiel. Dies ist ein Fließtext Beispiel. Dies ist ein Fließtext Beispiel. Dies ist ein Fließtext Beispiel. Dies ist ein Fließtext Beispiel. Dies ist ein Fließtext Beispiel. Dies ist ein Fließtext Beispiel. Dies ist ein Fließtext Beispiel. Dies ist ein Fließtext Beispiel. Dies ist ein Fließtext Beispiel. Dies ist ein Fließtext Beispiel. Dies ist ein Fließtext Beispiel.', 7, 10, 3, 'kommentar'),
(28, 21, 0, 'Dies ist eine Aufzählung:\n- Aufzählung\n- Aufzählung\n- Aufzählung\n- Aufzählung\n- Aufzählung\n- Aufzählung\n- Aufzählung\n\nFazit. Fazit. Fazit.', 'Dies ist ein Fließtext Beispiel. Dies ist ein Fließtext Beispiel. Dies ist ein Fließtext Beispiel. Dies ist ein Fließtext Beispiel. Dies ist ein Fließtext Beispiel. Dies ist ein Fließtext Beispiel. Dies ist ein Fließtext Beispiel. Dies ist ein Fließtext Beispiel. Dies ist ein Fließtext Beispiel. Dies ist ein Fließtext Beispiel. Dies ist ein Fließtext Beispiel. Dies ist ein Fließtext Beispiel.', 'Dies ist ein Fließtext Beispiel. Dies ist ein Fließtext Beispiel. Dies ist ein Fließtext Beispiel. Dies ist ein Fließtext Beispiel. Dies ist ein Fließtext Beispiel. Dies ist ein Fließtext Beispiel. Dies ist ein Fließtext Beispiel. Dies ist ein Fließtext Beispiel. Dies ist ein Fließtext Beispiel. Dies ist ein Fließtext Beispiel. Dies ist ein Fließtext Beispiel. Dies ist ein Fließtext Beispiel.', 3, 8, 11, 'kommentar'),
(29, 83, 0, 'Bacon ipsum dolor amet jowl sausage doner ground round, turkey meatloaf jerky short ribs leberkas salami pork belly rump fatback chicken venison. Pastrami drumstick pork meatloaf salami, hamburger landjaeger bacon sausage turducken corned beef.', 'Bacon ipsum dolor amet jowl sausage doner ground round, turkey meatloaf jerky short ribs leberkas salami pork belly rump fatback chicken venison. Pastrami drumstick pork meatloaf salami, hamburger landjaeger bacon sausage turducken corned beef.', 'Dies ist eine Aufzählung:\n- Aufzählung\n- Aufzählung\n- Aufzählung\n- Aufzählung\n- Aufzählung\n- Aufzählung\n- Aufzählung\n\nFazit. Fazit. Fazit.', 11, 11, 3, 'kommentar'),
(30, 39, 0, 'Dies ist ein Fließtext Beispiel. Dies ist ein Fließtext Beispiel. Dies ist ein Fließtext Beispiel. Dies ist ein Fließtext Beispiel. Dies ist ein Fließtext Beispiel. Dies ist ein Fließtext Beispiel. Dies ist ein Fließtext Beispiel. Dies ist ein Fließtext Beispiel. Dies ist ein Fließtext Beispiel. Dies ist ein Fließtext Beispiel. Dies ist ein Fließtext Beispiel. Dies ist ein Fließtext Beispiel.', 'Bacon ipsum dolor amet jowl sausage doner ground round, turkey meatloaf jerky short ribs leberkas salami pork belly rump fatback chicken venison. Pastrami drumstick pork meatloaf salami, hamburger landjaeger bacon sausage turducken corned beef.', 'Bacon ipsum dolor amet jowl sausage doner ground round, turkey meatloaf jerky short ribs leberkas salami pork belly rump fatback chicken venison. Pastrami drumstick pork meatloaf salami, hamburger landjaeger bacon sausage turducken corned beef.', 9, 4, 9, 'kommentar'),
(31, 45, 0, 'Dies ist ein Fließtext Beispiel. Dies ist ein Fließtext Beispiel. Dies ist ein Fließtext Beispiel. Dies ist ein Fließtext Beispiel. Dies ist ein Fließtext Beispiel. Dies ist ein Fließtext Beispiel. Dies ist ein Fließtext Beispiel. Dies ist ein Fließtext Beispiel. Dies ist ein Fließtext Beispiel. Dies ist ein Fließtext Beispiel. Dies ist ein Fließtext Beispiel. Dies ist ein Fließtext Beispiel.', 'Dies ist ein Fließtext Beispiel. Dies ist ein Fließtext Beispiel. Dies ist ein Fließtext Beispiel. Dies ist ein Fließtext Beispiel. Dies ist ein Fließtext Beispiel. Dies ist ein Fließtext Beispiel. Dies ist ein Fließtext Beispiel. Dies ist ein Fließtext Beispiel. Dies ist ein Fließtext Beispiel. Dies ist ein Fließtext Beispiel. Dies ist ein Fließtext Beispiel. Dies ist ein Fließtext Beispiel.', 'Dies ist eine Aufzählung:\n- Aufzählung\n- Aufzählung\n- Aufzählung\n- Aufzählung\n- Aufzählung\n- Aufzählung\n- Aufzählung\n\nFazit. Fazit. Fazit.', 5, 4, 6, 'kommentar'),
(32, 87, 0, 'Dies ist ein Fließtext Beispiel. Dies ist ein Fließtext Beispiel. Dies ist ein Fließtext Beispiel. Dies ist ein Fließtext Beispiel. Dies ist ein Fließtext Beispiel. Dies ist ein Fließtext Beispiel. Dies ist ein Fließtext Beispiel. Dies ist ein Fließtext Beispiel. Dies ist ein Fließtext Beispiel. Dies ist ein Fließtext Beispiel. Dies ist ein Fließtext Beispiel. Dies ist ein Fließtext Beispiel.', 'Dies ist ein Fließtext Beispiel. Dies ist ein Fließtext Beispiel. Dies ist ein Fließtext Beispiel. Dies ist ein Fließtext Beispiel. Dies ist ein Fließtext Beispiel. Dies ist ein Fließtext Beispiel. Dies ist ein Fließtext Beispiel. Dies ist ein Fließtext Beispiel. Dies ist ein Fließtext Beispiel. Dies ist ein Fließtext Beispiel. Dies ist ein Fließtext Beispiel. Dies ist ein Fließtext Beispiel.', 'Dies ist eine Aufzählung:\n- Aufzählung\n- Aufzählung\n- Aufzählung\n- Aufzählung\n- Aufzählung\n- Aufzählung\n- Aufzählung\n\nFazit. Fazit. Fazit.', 4, 10, 8, 'kommentar'),
(33, 99, 1, 'Dies ist ein Fließtext Beispiel. Dies ist ein Fließtext Beispiel. Dies ist ein Fließtext Beispiel. Dies ist ein Fließtext Beispiel. Dies ist ein Fließtext Beispiel. Dies ist ein Fließtext Beispiel. Dies ist ein Fließtext Beispiel. Dies ist ein Fließtext Beispiel. Dies ist ein Fließtext Beispiel. Dies ist ein Fließtext Beispiel. Dies ist ein Fließtext Beispiel. Dies ist ein Fließtext Beispiel.', 'Bacon ipsum dolor amet jowl sausage doner ground round, turkey meatloaf jerky short ribs leberkas salami pork belly rump fatback chicken venison. Pastrami drumstick pork meatloaf salami, hamburger landjaeger bacon sausage turducken corned beef.', 'Dies ist eine Aufzählung:\n- Aufzählung\n- Aufzählung\n- Aufzählung\n- Aufzählung\n- Aufzählung\n- Aufzählung\n- Aufzählung\n\nFazit. Fazit. Fazit.', 9, 13, 5, 'kommentar'),
(34, 49, 0, 'Dies ist ein Fließtext Beispiel. Dies ist ein Fließtext Beispiel. Dies ist ein Fließtext Beispiel. Dies ist ein Fließtext Beispiel. Dies ist ein Fließtext Beispiel. Dies ist ein Fließtext Beispiel. Dies ist ein Fließtext Beispiel. Dies ist ein Fließtext Beispiel. Dies ist ein Fließtext Beispiel. Dies ist ein Fließtext Beispiel. Dies ist ein Fließtext Beispiel. Dies ist ein Fließtext Beispiel.', 'Bacon ipsum dolor amet jowl sausage doner ground round, turkey meatloaf jerky short ribs leberkas salami pork belly rump fatback chicken venison. Pastrami drumstick pork meatloaf salami, hamburger landjaeger bacon sausage turducken corned beef.', 'Bacon ipsum dolor amet jowl sausage doner ground round, turkey meatloaf jerky short ribs leberkas salami pork belly rump fatback chicken venison. Pastrami drumstick pork meatloaf salami, hamburger landjaeger bacon sausage turducken corned beef.', 10, 8, 2, 'kommentar'),
(35, 10, 0, 'Bacon ipsum dolor amet jowl sausage doner ground round, turkey meatloaf jerky short ribs leberkas salami pork belly rump fatback chicken venison. Pastrami drumstick pork meatloaf salami, hamburger landjaeger bacon sausage turducken corned beef.', 'Bacon ipsum dolor amet jowl sausage doner ground round, turkey meatloaf jerky short ribs leberkas salami pork belly rump fatback chicken venison. Pastrami drumstick pork meatloaf salami, hamburger landjaeger bacon sausage turducken corned beef.', 'Dies ist ein Fließtext Beispiel. Dies ist ein Fließtext Beispiel. Dies ist ein Fließtext Beispiel. Dies ist ein Fließtext Beispiel. Dies ist ein Fließtext Beispiel. Dies ist ein Fließtext Beispiel. Dies ist ein Fließtext Beispiel. Dies ist ein Fließtext Beispiel. Dies ist ein Fließtext Beispiel. Dies ist ein Fließtext Beispiel. Dies ist ein Fließtext Beispiel. Dies ist ein Fließtext Beispiel.', 3, 10, 7, 'kommentar'),
(36, 8, 0, 'Dies ist eine Aufzählung:\n- Aufzählung\n- Aufzählung\n- Aufzählung\n- Aufzählung\n- Aufzählung\n- Aufzählung\n- Aufzählung\n\nFazit. Fazit. Fazit.', 'Dies ist ein Fließtext Beispiel. Dies ist ein Fließtext Beispiel. Dies ist ein Fließtext Beispiel. Dies ist ein Fließtext Beispiel. Dies ist ein Fließtext Beispiel. Dies ist ein Fließtext Beispiel. Dies ist ein Fließtext Beispiel. Dies ist ein Fließtext Beispiel. Dies ist ein Fließtext Beispiel. Dies ist ein Fließtext Beispiel. Dies ist ein Fließtext Beispiel. Dies ist ein Fließtext Beispiel.', 'Dies ist eine Aufzählung:\n- Aufzählung\n- Aufzählung\n- Aufzählung\n- Aufzählung\n- Aufzählung\n- Aufzählung\n- Aufzählung\n\nFazit. Fazit. Fazit.', 10, 10, 9, 'kommentar'),
(37, 71, 0, 'Bacon ipsum dolor amet jowl sausage doner ground round, turkey meatloaf jerky short ribs leberkas salami pork belly rump fatback chicken venison. Pastrami drumstick pork meatloaf salami, hamburger landjaeger bacon sausage turducken corned beef.', 'Dies ist ein Fließtext Beispiel. Dies ist ein Fließtext Beispiel. Dies ist ein Fließtext Beispiel. Dies ist ein Fließtext Beispiel. Dies ist ein Fließtext Beispiel. Dies ist ein Fließtext Beispiel. Dies ist ein Fließtext Beispiel. Dies ist ein Fließtext Beispiel. Dies ist ein Fließtext Beispiel. Dies ist ein Fließtext Beispiel. Dies ist ein Fließtext Beispiel. Dies ist ein Fließtext Beispiel.', 'Dies ist eine Aufzählung:\n- Aufzählung\n- Aufzählung\n- Aufzählung\n- Aufzählung\n- Aufzählung\n- Aufzählung\n- Aufzählung\n\nFazit. Fazit. Fazit.', 1, 8, 10, 'kommentar'),
(38, 35, 0, 'Dies ist ein Fließtext Beispiel. Dies ist ein Fließtext Beispiel. Dies ist ein Fließtext Beispiel. Dies ist ein Fließtext Beispiel. Dies ist ein Fließtext Beispiel. Dies ist ein Fließtext Beispiel. Dies ist ein Fließtext Beispiel. Dies ist ein Fließtext Beispiel. Dies ist ein Fließtext Beispiel. Dies ist ein Fließtext Beispiel. Dies ist ein Fließtext Beispiel. Dies ist ein Fließtext Beispiel.', 'Dies ist eine Aufzählung:\n- Aufzählung\n- Aufzählung\n- Aufzählung\n- Aufzählung\n- Aufzählung\n- Aufzählung\n- Aufzählung\n\nFazit. Fazit. Fazit.', 'Bacon ipsum dolor amet jowl sausage doner ground round, turkey meatloaf jerky short ribs leberkas salami pork belly rump fatback chicken venison. Pastrami drumstick pork meatloaf salami, hamburger landjaeger bacon sausage turducken corned beef.', 9, 5, 8, 'kommentar'),
(39, 50, 0, 'Dies ist eine Aufzählung:\n- Aufzählung\n- Aufzählung\n- Aufzählung\n- Aufzählung\n- Aufzählung\n- Aufzählung\n- Aufzählung\n\nFazit. Fazit. Fazit.', 'Dies ist ein Fließtext Beispiel. Dies ist ein Fließtext Beispiel. Dies ist ein Fließtext Beispiel. Dies ist ein Fließtext Beispiel. Dies ist ein Fließtext Beispiel. Dies ist ein Fließtext Beispiel. Dies ist ein Fließtext Beispiel. Dies ist ein Fließtext Beispiel. Dies ist ein Fließtext Beispiel. Dies ist ein Fließtext Beispiel. Dies ist ein Fließtext Beispiel. Dies ist ein Fließtext Beispiel.', 'Bacon ipsum dolor amet jowl sausage doner ground round, turkey meatloaf jerky short ribs leberkas salami pork belly rump fatback chicken venison. Pastrami drumstick pork meatloaf salami, hamburger landjaeger bacon sausage turducken corned beef.', 9, 12, 6, 'kommentar'),
(40, 48, 0, 'Bacon ipsum dolor amet jowl sausage doner ground round, turkey meatloaf jerky short ribs leberkas salami pork belly rump fatback chicken venison. Pastrami drumstick pork meatloaf salami, hamburger landjaeger bacon sausage turducken corned beef.', 'Dies ist eine Aufzählung:\n- Aufzählung\n- Aufzählung\n- Aufzählung\n- Aufzählung\n- Aufzählung\n- Aufzählung\n- Aufzählung\n\nFazit. Fazit. Fazit.', 'Dies ist eine Aufzählung:\n- Aufzählung\n- Aufzählung\n- Aufzählung\n- Aufzählung\n- Aufzählung\n- Aufzählung\n- Aufzählung\n\nFazit. Fazit. Fazit.', 12, 8, 2, 'kommentar'),
(41, 79, 0, 'Bacon ipsum dolor amet jowl sausage doner ground round, turkey meatloaf jerky short ribs leberkas salami pork belly rump fatback chicken venison. Pastrami drumstick pork meatloaf salami, hamburger landjaeger bacon sausage turducken corned beef.', 'Dies ist eine Aufzählung:\n- Aufzählung\n- Aufzählung\n- Aufzählung\n- Aufzählung\n- Aufzählung\n- Aufzählung\n- Aufzählung\n\nFazit. Fazit. Fazit.', 'Bacon ipsum dolor amet jowl sausage doner ground round, turkey meatloaf jerky short ribs leberkas salami pork belly rump fatback chicken venison. Pastrami drumstick pork meatloaf salami, hamburger landjaeger bacon sausage turducken corned beef.', 6, 6, 12, 'kommentar'),
(42, 26, 0, 'Bacon ipsum dolor amet jowl sausage doner ground round, turkey meatloaf jerky short ribs leberkas salami pork belly rump fatback chicken venison. Pastrami drumstick pork meatloaf salami, hamburger landjaeger bacon sausage turducken corned beef.', 'Dies ist eine Aufzählung:\n- Aufzählung\n- Aufzählung\n- Aufzählung\n- Aufzählung\n- Aufzählung\n- Aufzählung\n- Aufzählung\n\nFazit. Fazit. Fazit.', 'Dies ist ein Fließtext Beispiel. Dies ist ein Fließtext Beispiel. Dies ist ein Fließtext Beispiel. Dies ist ein Fließtext Beispiel. Dies ist ein Fließtext Beispiel. Dies ist ein Fließtext Beispiel. Dies ist ein Fließtext Beispiel. Dies ist ein Fließtext Beispiel. Dies ist ein Fließtext Beispiel. Dies ist ein Fließtext Beispiel. Dies ist ein Fließtext Beispiel. Dies ist ein Fließtext Beispiel.', 11, 9, 1, 'kommentar'),
(43, 96, 0, 'Bacon ipsum dolor amet jowl sausage doner ground round, turkey meatloaf jerky short ribs leberkas salami pork belly rump fatback chicken venison. Pastrami drumstick pork meatloaf salami, hamburger landjaeger bacon sausage turducken corned beef.', 'Dies ist eine Aufzählung:\n- Aufzählung\n- Aufzählung\n- Aufzählung\n- Aufzählung\n- Aufzählung\n- Aufzählung\n- Aufzählung\n\nFazit. Fazit. Fazit.', 'Bacon ipsum dolor amet jowl sausage doner ground round, turkey meatloaf jerky short ribs leberkas salami pork belly rump fatback chicken venison. Pastrami drumstick pork meatloaf salami, hamburger landjaeger bacon sausage turducken corned beef.', 10, 12, 12, 'kommentar'),
(44, 64, 0, 'Dies ist eine Aufzählung:\n- Aufzählung\n- Aufzählung\n- Aufzählung\n- Aufzählung\n- Aufzählung\n- Aufzählung\n- Aufzählung\n\nFazit. Fazit. Fazit.', 'Dies ist eine Aufzählung:\n- Aufzählung\n- Aufzählung\n- Aufzählung\n- Aufzählung\n- Aufzählung\n- Aufzählung\n- Aufzählung\n\nFazit. Fazit. Fazit.', 'Bacon ipsum dolor amet jowl sausage doner ground round, turkey meatloaf jerky short ribs leberkas salami pork belly rump fatback chicken venison. Pastrami drumstick pork meatloaf salami, hamburger landjaeger bacon sausage turducken corned beef.', 3, 7, 6, 'kommentar'),
(45, 91, 0, 'Bacon ipsum dolor amet jowl sausage doner ground round, turkey meatloaf jerky short ribs leberkas salami pork belly rump fatback chicken venison. Pastrami drumstick pork meatloaf salami, hamburger landjaeger bacon sausage turducken corned beef.', 'Bacon ipsum dolor amet jowl sausage doner ground round, turkey meatloaf jerky short ribs leberkas salami pork belly rump fatback chicken venison. Pastrami drumstick pork meatloaf salami, hamburger landjaeger bacon sausage turducken corned beef.', 'Dies ist eine Aufzählung:\n- Aufzählung\n- Aufzählung\n- Aufzählung\n- Aufzählung\n- Aufzählung\n- Aufzählung\n- Aufzählung\n\nFazit. Fazit. Fazit.', 5, 12, 7, 'kommentar'),
(46, 71, 1, 'Bacon ipsum dolor amet jowl sausage doner ground round, turkey meatloaf jerky short ribs leberkas salami pork belly rump fatback chicken venison. Pastrami drumstick pork meatloaf salami, hamburger landjaeger bacon sausage turducken corned beef.', 'Dies ist eine Aufzählung:\n- Aufzählung\n- Aufzählung\n- Aufzählung\n- Aufzählung\n- Aufzählung\n- Aufzählung\n- Aufzählung\n\nFazit. Fazit. Fazit.', 'Dies ist ein Fließtext Beispiel. Dies ist ein Fließtext Beispiel. Dies ist ein Fließtext Beispiel. Dies ist ein Fließtext Beispiel. Dies ist ein Fließtext Beispiel. Dies ist ein Fließtext Beispiel. Dies ist ein Fließtext Beispiel. Dies ist ein Fließtext Beispiel. Dies ist ein Fließtext Beispiel. Dies ist ein Fließtext Beispiel. Dies ist ein Fließtext Beispiel. Dies ist ein Fließtext Beispiel.', 2, 9, 11, 'kommentar'),
(47, 36, 0, 'Dies ist eine Aufzählung:\n- Aufzählung\n- Aufzählung\n- Aufzählung\n- Aufzählung\n- Aufzählung\n- Aufzählung\n- Aufzählung\n\nFazit. Fazit. Fazit.', 'Dies ist ein Fließtext Beispiel. Dies ist ein Fließtext Beispiel. Dies ist ein Fließtext Beispiel. Dies ist ein Fließtext Beispiel. Dies ist ein Fließtext Beispiel. Dies ist ein Fließtext Beispiel. Dies ist ein Fließtext Beispiel. Dies ist ein Fließtext Beispiel. Dies ist ein Fließtext Beispiel. Dies ist ein Fließtext Beispiel. Dies ist ein Fließtext Beispiel. Dies ist ein Fließtext Beispiel.', 'Dies ist ein Fließtext Beispiel. Dies ist ein Fließtext Beispiel. Dies ist ein Fließtext Beispiel. Dies ist ein Fließtext Beispiel. Dies ist ein Fließtext Beispiel. Dies ist ein Fließtext Beispiel. Dies ist ein Fließtext Beispiel. Dies ist ein Fließtext Beispiel. Dies ist ein Fließtext Beispiel. Dies ist ein Fließtext Beispiel. Dies ist ein Fließtext Beispiel. Dies ist ein Fließtext Beispiel.', 3, 8, 5, 'kommentar'),
(48, 62, 0, 'Dies ist ein Fließtext Beispiel. Dies ist ein Fließtext Beispiel. Dies ist ein Fließtext Beispiel. Dies ist ein Fließtext Beispiel. Dies ist ein Fließtext Beispiel. Dies ist ein Fließtext Beispiel. Dies ist ein Fließtext Beispiel. Dies ist ein Fließtext Beispiel. Dies ist ein Fließtext Beispiel. Dies ist ein Fließtext Beispiel. Dies ist ein Fließtext Beispiel. Dies ist ein Fließtext Beispiel.', 'Bacon ipsum dolor amet jowl sausage doner ground round, turkey meatloaf jerky short ribs leberkas salami pork belly rump fatback chicken venison. Pastrami drumstick pork meatloaf salami, hamburger landjaeger bacon sausage turducken corned beef.', 'Dies ist ein Fließtext Beispiel. Dies ist ein Fließtext Beispiel. Dies ist ein Fließtext Beispiel. Dies ist ein Fließtext Beispiel. Dies ist ein Fließtext Beispiel. Dies ist ein Fließtext Beispiel. Dies ist ein Fließtext Beispiel. Dies ist ein Fließtext Beispiel. Dies ist ein Fließtext Beispiel. Dies ist ein Fließtext Beispiel. Dies ist ein Fließtext Beispiel. Dies ist ein Fließtext Beispiel.', 2, 5, 2, 'kommentar'),
(49, 60, 0, 'Bacon ipsum dolor amet jowl sausage doner ground round, turkey meatloaf jerky short ribs leberkas salami pork belly rump fatback chicken venison. Pastrami drumstick pork meatloaf salami, hamburger landjaeger bacon sausage turducken corned beef.', 'Dies ist ein Fließtext Beispiel. Dies ist ein Fließtext Beispiel. Dies ist ein Fließtext Beispiel. Dies ist ein Fließtext Beispiel. Dies ist ein Fließtext Beispiel. Dies ist ein Fließtext Beispiel. Dies ist ein Fließtext Beispiel. Dies ist ein Fließtext Beispiel. Dies ist ein Fließtext Beispiel. Dies ist ein Fließtext Beispiel. Dies ist ein Fließtext Beispiel. Dies ist ein Fließtext Beispiel.', 'Dies ist eine Aufzählung:\n- Aufzählung\n- Aufzählung\n- Aufzählung\n- Aufzählung\n- Aufzählung\n- Aufzählung\n- Aufzählung\n\nFazit. Fazit. Fazit.', 1, 4, 11, 'kommentar'),
(50, 21, 1, 'Bacon ipsum dolor amet jowl sausage doner ground round, turkey meatloaf jerky short ribs leberkas salami pork belly rump fatback chicken venison. Pastrami drumstick pork meatloaf salami, hamburger landjaeger bacon sausage turducken corned beef.', 'Dies ist eine Aufzählung:\n- Aufzählung\n- Aufzählung\n- Aufzählung\n- Aufzählung\n- Aufzählung\n- Aufzählung\n- Aufzählung\n\nFazit. Fazit. Fazit.', 'Bacon ipsum dolor amet jowl sausage doner ground round, turkey meatloaf jerky short ribs leberkas salami pork belly rump fatback chicken venison. Pastrami drumstick pork meatloaf salami, hamburger landjaeger bacon sausage turducken corned beef.', 4, 9, 12, 'kommentar'),
(51, 54, 0, 'Dies ist ein Fließtext Beispiel. Dies ist ein Fließtext Beispiel. Dies ist ein Fließtext Beispiel. Dies ist ein Fließtext Beispiel. Dies ist ein Fließtext Beispiel. Dies ist ein Fließtext Beispiel. Dies ist ein Fließtext Beispiel. Dies ist ein Fließtext Beispiel. Dies ist ein Fließtext Beispiel. Dies ist ein Fließtext Beispiel. Dies ist ein Fließtext Beispiel. Dies ist ein Fließtext Beispiel.', 'Dies ist eine Aufzählung:\n- Aufzählung\n- Aufzählung\n- Aufzählung\n- Aufzählung\n- Aufzählung\n- Aufzählung\n- Aufzählung\n\nFazit. Fazit. Fazit.', 'Bacon ipsum dolor amet jowl sausage doner ground round, turkey meatloaf jerky short ribs leberkas salami pork belly rump fatback chicken venison. Pastrami drumstick pork meatloaf salami, hamburger landjaeger bacon sausage turducken corned beef.', 7, 9, 5, 'kommentar'),
(52, 72, 1, 'Dies ist ein Fließtext Beispiel. Dies ist ein Fließtext Beispiel. Dies ist ein Fließtext Beispiel. Dies ist ein Fließtext Beispiel. Dies ist ein Fließtext Beispiel. Dies ist ein Fließtext Beispiel. Dies ist ein Fließtext Beispiel. Dies ist ein Fließtext Beispiel. Dies ist ein Fließtext Beispiel. Dies ist ein Fließtext Beispiel. Dies ist ein Fließtext Beispiel. Dies ist ein Fließtext Beispiel.', 'Dies ist ein Fließtext Beispiel. Dies ist ein Fließtext Beispiel. Dies ist ein Fließtext Beispiel. Dies ist ein Fließtext Beispiel. Dies ist ein Fließtext Beispiel. Dies ist ein Fließtext Beispiel. Dies ist ein Fließtext Beispiel. Dies ist ein Fließtext Beispiel. Dies ist ein Fließtext Beispiel. Dies ist ein Fließtext Beispiel. Dies ist ein Fließtext Beispiel. Dies ist ein Fließtext Beispiel.', 'Dies ist ein Fließtext Beispiel. Dies ist ein Fließtext Beispiel. Dies ist ein Fließtext Beispiel. Dies ist ein Fließtext Beispiel. Dies ist ein Fließtext Beispiel. Dies ist ein Fließtext Beispiel. Dies ist ein Fließtext Beispiel. Dies ist ein Fließtext Beispiel. Dies ist ein Fließtext Beispiel. Dies ist ein Fließtext Beispiel. Dies ist ein Fließtext Beispiel. Dies ist ein Fließtext Beispiel.', 11, 8, 2, 'kommentar'),
(53, 13, 1, 'Dies ist eine Aufzählung:\n- Aufzählung\n- Aufzählung\n- Aufzählung\n- Aufzählung\n- Aufzählung\n- Aufzählung\n- Aufzählung\n\nFazit. Fazit. Fazit.', 'Dies ist eine Aufzählung:\n- Aufzählung\n- Aufzählung\n- Aufzählung\n- Aufzählung\n- Aufzählung\n- Aufzählung\n- Aufzählung\n\nFazit. Fazit. Fazit.', 'Dies ist ein Fließtext Beispiel. Dies ist ein Fließtext Beispiel. Dies ist ein Fließtext Beispiel. Dies ist ein Fließtext Beispiel. Dies ist ein Fließtext Beispiel. Dies ist ein Fließtext Beispiel. Dies ist ein Fließtext Beispiel. Dies ist ein Fließtext Beispiel. Dies ist ein Fließtext Beispiel. Dies ist ein Fließtext Beispiel. Dies ist ein Fließtext Beispiel. Dies ist ein Fließtext Beispiel.', 3, 11, 3, 'kommentar'),
(54, 56, 0, 'Dies ist ein Fließtext Beispiel. Dies ist ein Fließtext Beispiel. Dies ist ein Fließtext Beispiel. Dies ist ein Fließtext Beispiel. Dies ist ein Fließtext Beispiel. Dies ist ein Fließtext Beispiel. Dies ist ein Fließtext Beispiel. Dies ist ein Fließtext Beispiel. Dies ist ein Fließtext Beispiel. Dies ist ein Fließtext Beispiel. Dies ist ein Fließtext Beispiel. Dies ist ein Fließtext Beispiel.', 'Bacon ipsum dolor amet jowl sausage doner ground round, turkey meatloaf jerky short ribs leberkas salami pork belly rump fatback chicken venison. Pastrami drumstick pork meatloaf salami, hamburger landjaeger bacon sausage turducken corned beef.', 'Dies ist eine Aufzählung:\n- Aufzählung\n- Aufzählung\n- Aufzählung\n- Aufzählung\n- Aufzählung\n- Aufzählung\n- Aufzählung\n\nFazit. Fazit. Fazit.', 1, 2, 8, 'kommentar'),
(55, 78, 0, 'Dies ist eine Aufzählung:\n- Aufzählung\n- Aufzählung\n- Aufzählung\n- Aufzählung\n- Aufzählung\n- Aufzählung\n- Aufzählung\n\nFazit. Fazit. Fazit.', 'Dies ist eine Aufzählung:\n- Aufzählung\n- Aufzählung\n- Aufzählung\n- Aufzählung\n- Aufzählung\n- Aufzählung\n- Aufzählung\n\nFazit. Fazit. Fazit.', 'Dies ist eine Aufzählung:\n- Aufzählung\n- Aufzählung\n- Aufzählung\n- Aufzählung\n- Aufzählung\n- Aufzählung\n- Aufzählung\n\nFazit. Fazit. Fazit.', 3, 4, 4, 'kommentar'),
(56, 69, 0, 'Dies ist eine Aufzählung:\n- Aufzählung\n- Aufzählung\n- Aufzählung\n- Aufzählung\n- Aufzählung\n- Aufzählung\n- Aufzählung\n\nFazit. Fazit. Fazit.', 'Bacon ipsum dolor amet jowl sausage doner ground round, turkey meatloaf jerky short ribs leberkas salami pork belly rump fatback chicken venison. Pastrami drumstick pork meatloaf salami, hamburger landjaeger bacon sausage turducken corned beef.', 'Dies ist eine Aufzählung:\n- Aufzählung\n- Aufzählung\n- Aufzählung\n- Aufzählung\n- Aufzählung\n- Aufzählung\n- Aufzählung\n\nFazit. Fazit. Fazit.', 7, 6, 6, 'kommentar'),
(57, 66, 1, 'Dies ist eine Aufzählung:\n- Aufzählung\n- Aufzählung\n- Aufzählung\n- Aufzählung\n- Aufzählung\n- Aufzählung\n- Aufzählung\n\nFazit. Fazit. Fazit.', 'Dies ist ein Fließtext Beispiel. Dies ist ein Fließtext Beispiel. Dies ist ein Fließtext Beispiel. Dies ist ein Fließtext Beispiel. Dies ist ein Fließtext Beispiel. Dies ist ein Fließtext Beispiel. Dies ist ein Fließtext Beispiel. Dies ist ein Fließtext Beispiel. Dies ist ein Fließtext Beispiel. Dies ist ein Fließtext Beispiel. Dies ist ein Fließtext Beispiel. Dies ist ein Fließtext Beispiel.', 'Dies ist ein Fließtext Beispiel. Dies ist ein Fließtext Beispiel. Dies ist ein Fließtext Beispiel. Dies ist ein Fließtext Beispiel. Dies ist ein Fließtext Beispiel. Dies ist ein Fließtext Beispiel. Dies ist ein Fließtext Beispiel. Dies ist ein Fließtext Beispiel. Dies ist ein Fließtext Beispiel. Dies ist ein Fließtext Beispiel. Dies ist ein Fließtext Beispiel. Dies ist ein Fließtext Beispiel.', 11, 8, 6, 'kommentar'),
(58, 44, 0, 'Dies ist ein Fließtext Beispiel. Dies ist ein Fließtext Beispiel. Dies ist ein Fließtext Beispiel. Dies ist ein Fließtext Beispiel. Dies ist ein Fließtext Beispiel. Dies ist ein Fließtext Beispiel. Dies ist ein Fließtext Beispiel. Dies ist ein Fließtext Beispiel. Dies ist ein Fließtext Beispiel. Dies ist ein Fließtext Beispiel. Dies ist ein Fließtext Beispiel. Dies ist ein Fließtext Beispiel.', 'Bacon ipsum dolor amet jowl sausage doner ground round, turkey meatloaf jerky short ribs leberkas salami pork belly rump fatback chicken venison. Pastrami drumstick pork meatloaf salami, hamburger landjaeger bacon sausage turducken corned beef.', 'Bacon ipsum dolor amet jowl sausage doner ground round, turkey meatloaf jerky short ribs leberkas salami pork belly rump fatback chicken venison. Pastrami drumstick pork meatloaf salami, hamburger landjaeger bacon sausage turducken corned beef.', 9, 2, 11, 'kommentar'),
(59, 13, 2, 'Dies ist eine Aufzählung:\n- Aufzählung\n- Aufzählung\n- Aufzählung\n- Aufzählung\n- Aufzählung\n- Aufzählung\n- Aufzählung\n\nFazit. Fazit. Fazit.', 'Dies ist eine Aufzählung:\n- Aufzählung\n- Aufzählung\n- Aufzählung\n- Aufzählung\n- Aufzählung\n- Aufzählung\n- Aufzählung\n\nFazit. Fazit. Fazit.', 'Bacon ipsum dolor amet jowl sausage doner ground round, turkey meatloaf jerky short ribs leberkas salami pork belly rump fatback chicken venison. Pastrami drumstick pork meatloaf salami, hamburger landjaeger bacon sausage turducken corned beef.', 3, 11, 3, 'kommentar'),
(60, 93, 0, 'Dies ist eine Aufzählung:\n- Aufzählung\n- Aufzählung\n- Aufzählung\n- Aufzählung\n- Aufzählung\n- Aufzählung\n- Aufzählung\n\nFazit. Fazit. Fazit.', 'Dies ist ein Fließtext Beispiel. Dies ist ein Fließtext Beispiel. Dies ist ein Fließtext Beispiel. Dies ist ein Fließtext Beispiel. Dies ist ein Fließtext Beispiel. Dies ist ein Fließtext Beispiel. Dies ist ein Fließtext Beispiel. Dies ist ein Fließtext Beispiel. Dies ist ein Fließtext Beispiel. Dies ist ein Fließtext Beispiel. Dies ist ein Fließtext Beispiel. Dies ist ein Fließtext Beispiel.', 'Dies ist eine Aufzählung:\n- Aufzählung\n- Aufzählung\n- Aufzählung\n- Aufzählung\n- Aufzählung\n- Aufzählung\n- Aufzählung\n\nFazit. Fazit. Fazit.', 8, 6, 10, 'kommentar'),
(61, 87, 1, 'Bacon ipsum dolor amet jowl sausage doner ground round, turkey meatloaf jerky short ribs leberkas salami pork belly rump fatback chicken venison. Pastrami drumstick pork meatloaf salami, hamburger landjaeger bacon sausage turducken corned beef.', 'Dies ist ein Fließtext Beispiel. Dies ist ein Fließtext Beispiel. Dies ist ein Fließtext Beispiel. Dies ist ein Fließtext Beispiel. Dies ist ein Fließtext Beispiel. Dies ist ein Fließtext Beispiel. Dies ist ein Fließtext Beispiel. Dies ist ein Fließtext Beispiel. Dies ist ein Fließtext Beispiel. Dies ist ein Fließtext Beispiel. Dies ist ein Fließtext Beispiel. Dies ist ein Fließtext Beispiel.', 'Dies ist ein Fließtext Beispiel. Dies ist ein Fließtext Beispiel. Dies ist ein Fließtext Beispiel. Dies ist ein Fließtext Beispiel. Dies ist ein Fließtext Beispiel. Dies ist ein Fließtext Beispiel. Dies ist ein Fließtext Beispiel. Dies ist ein Fließtext Beispiel. Dies ist ein Fließtext Beispiel. Dies ist ein Fließtext Beispiel. Dies ist ein Fließtext Beispiel. Dies ist ein Fließtext Beispiel.', 5, 11, 9, 'kommentar');
INSERT INTO `report_revision` (`id`, `report_id`, `number`, `text1`, `text2`, `text3`, `hours1`, `hours2`, `hours3`, `comment`) VALUES
(62, 97, 0, 'Bacon ipsum dolor amet jowl sausage doner ground round, turkey meatloaf jerky short ribs leberkas salami pork belly rump fatback chicken venison. Pastrami drumstick pork meatloaf salami, hamburger landjaeger bacon sausage turducken corned beef.', 'Bacon ipsum dolor amet jowl sausage doner ground round, turkey meatloaf jerky short ribs leberkas salami pork belly rump fatback chicken venison. Pastrami drumstick pork meatloaf salami, hamburger landjaeger bacon sausage turducken corned beef.', 'Dies ist ein Fließtext Beispiel. Dies ist ein Fließtext Beispiel. Dies ist ein Fließtext Beispiel. Dies ist ein Fließtext Beispiel. Dies ist ein Fließtext Beispiel. Dies ist ein Fließtext Beispiel. Dies ist ein Fließtext Beispiel. Dies ist ein Fließtext Beispiel. Dies ist ein Fließtext Beispiel. Dies ist ein Fließtext Beispiel. Dies ist ein Fließtext Beispiel. Dies ist ein Fließtext Beispiel.', 4, 10, 8, 'kommentar'),
(63, 86, 1, 'Dies ist eine Aufzählung:\n- Aufzählung\n- Aufzählung\n- Aufzählung\n- Aufzählung\n- Aufzählung\n- Aufzählung\n- Aufzählung\n\nFazit. Fazit. Fazit.', 'Dies ist ein Fließtext Beispiel. Dies ist ein Fließtext Beispiel. Dies ist ein Fließtext Beispiel. Dies ist ein Fließtext Beispiel. Dies ist ein Fließtext Beispiel. Dies ist ein Fließtext Beispiel. Dies ist ein Fließtext Beispiel. Dies ist ein Fließtext Beispiel. Dies ist ein Fließtext Beispiel. Dies ist ein Fließtext Beispiel. Dies ist ein Fließtext Beispiel. Dies ist ein Fließtext Beispiel.', 'Bacon ipsum dolor amet jowl sausage doner ground round, turkey meatloaf jerky short ribs leberkas salami pork belly rump fatback chicken venison. Pastrami drumstick pork meatloaf salami, hamburger landjaeger bacon sausage turducken corned beef.', 7, 12, 8, 'kommentar'),
(64, 85, 1, 'Dies ist ein Fließtext Beispiel. Dies ist ein Fließtext Beispiel. Dies ist ein Fließtext Beispiel. Dies ist ein Fließtext Beispiel. Dies ist ein Fließtext Beispiel. Dies ist ein Fließtext Beispiel. Dies ist ein Fließtext Beispiel. Dies ist ein Fließtext Beispiel. Dies ist ein Fließtext Beispiel. Dies ist ein Fließtext Beispiel. Dies ist ein Fließtext Beispiel. Dies ist ein Fließtext Beispiel.', 'Dies ist ein Fließtext Beispiel. Dies ist ein Fließtext Beispiel. Dies ist ein Fließtext Beispiel. Dies ist ein Fließtext Beispiel. Dies ist ein Fließtext Beispiel. Dies ist ein Fließtext Beispiel. Dies ist ein Fließtext Beispiel. Dies ist ein Fließtext Beispiel. Dies ist ein Fließtext Beispiel. Dies ist ein Fließtext Beispiel. Dies ist ein Fließtext Beispiel. Dies ist ein Fließtext Beispiel.', 'Dies ist eine Aufzählung:\n- Aufzählung\n- Aufzählung\n- Aufzählung\n- Aufzählung\n- Aufzählung\n- Aufzählung\n- Aufzählung\n\nFazit. Fazit. Fazit.', 9, 12, 4, 'kommentar'),
(65, 28, 0, 'Bacon ipsum dolor amet jowl sausage doner ground round, turkey meatloaf jerky short ribs leberkas salami pork belly rump fatback chicken venison. Pastrami drumstick pork meatloaf salami, hamburger landjaeger bacon sausage turducken corned beef.', 'Dies ist eine Aufzählung:\n- Aufzählung\n- Aufzählung\n- Aufzählung\n- Aufzählung\n- Aufzählung\n- Aufzählung\n- Aufzählung\n\nFazit. Fazit. Fazit.', 'Bacon ipsum dolor amet jowl sausage doner ground round, turkey meatloaf jerky short ribs leberkas salami pork belly rump fatback chicken venison. Pastrami drumstick pork meatloaf salami, hamburger landjaeger bacon sausage turducken corned beef.', 5, 2, 7, 'kommentar'),
(66, 63, 0, 'Dies ist eine Aufzählung:\n- Aufzählung\n- Aufzählung\n- Aufzählung\n- Aufzählung\n- Aufzählung\n- Aufzählung\n- Aufzählung\n\nFazit. Fazit. Fazit.', 'Bacon ipsum dolor amet jowl sausage doner ground round, turkey meatloaf jerky short ribs leberkas salami pork belly rump fatback chicken venison. Pastrami drumstick pork meatloaf salami, hamburger landjaeger bacon sausage turducken corned beef.', 'Dies ist eine Aufzählung:\n- Aufzählung\n- Aufzählung\n- Aufzählung\n- Aufzählung\n- Aufzählung\n- Aufzählung\n- Aufzählung\n\nFazit. Fazit. Fazit.', 9, 1, 11, 'kommentar'),
(67, 64, 1, 'Dies ist ein Fließtext Beispiel. Dies ist ein Fließtext Beispiel. Dies ist ein Fließtext Beispiel. Dies ist ein Fließtext Beispiel. Dies ist ein Fließtext Beispiel. Dies ist ein Fließtext Beispiel. Dies ist ein Fließtext Beispiel. Dies ist ein Fließtext Beispiel. Dies ist ein Fließtext Beispiel. Dies ist ein Fließtext Beispiel. Dies ist ein Fließtext Beispiel. Dies ist ein Fließtext Beispiel.', 'Dies ist ein Fließtext Beispiel. Dies ist ein Fließtext Beispiel. Dies ist ein Fließtext Beispiel. Dies ist ein Fließtext Beispiel. Dies ist ein Fließtext Beispiel. Dies ist ein Fließtext Beispiel. Dies ist ein Fließtext Beispiel. Dies ist ein Fließtext Beispiel. Dies ist ein Fließtext Beispiel. Dies ist ein Fließtext Beispiel. Dies ist ein Fließtext Beispiel. Dies ist ein Fließtext Beispiel.', 'Dies ist ein Fließtext Beispiel. Dies ist ein Fließtext Beispiel. Dies ist ein Fließtext Beispiel. Dies ist ein Fließtext Beispiel. Dies ist ein Fließtext Beispiel. Dies ist ein Fließtext Beispiel. Dies ist ein Fließtext Beispiel. Dies ist ein Fließtext Beispiel. Dies ist ein Fließtext Beispiel. Dies ist ein Fließtext Beispiel. Dies ist ein Fließtext Beispiel. Dies ist ein Fließtext Beispiel.', 4, 8, 7, 'kommentar'),
(68, 51, 2, 'Dies ist ein Fließtext Beispiel. Dies ist ein Fließtext Beispiel. Dies ist ein Fließtext Beispiel. Dies ist ein Fließtext Beispiel. Dies ist ein Fließtext Beispiel. Dies ist ein Fließtext Beispiel. Dies ist ein Fließtext Beispiel. Dies ist ein Fließtext Beispiel. Dies ist ein Fließtext Beispiel. Dies ist ein Fließtext Beispiel. Dies ist ein Fließtext Beispiel. Dies ist ein Fließtext Beispiel.', 'Dies ist eine Aufzählung:\n- Aufzählung\n- Aufzählung\n- Aufzählung\n- Aufzählung\n- Aufzählung\n- Aufzählung\n- Aufzählung\n\nFazit. Fazit. Fazit.', 'Dies ist eine Aufzählung:\n- Aufzählung\n- Aufzählung\n- Aufzählung\n- Aufzählung\n- Aufzählung\n- Aufzählung\n- Aufzählung\n\nFazit. Fazit. Fazit.', 6, 10, 3, 'kommentar'),
(69, 89, 0, 'Dies ist eine Aufzählung:\n- Aufzählung\n- Aufzählung\n- Aufzählung\n- Aufzählung\n- Aufzählung\n- Aufzählung\n- Aufzählung\n\nFazit. Fazit. Fazit.', 'Dies ist ein Fließtext Beispiel. Dies ist ein Fließtext Beispiel. Dies ist ein Fließtext Beispiel. Dies ist ein Fließtext Beispiel. Dies ist ein Fließtext Beispiel. Dies ist ein Fließtext Beispiel. Dies ist ein Fließtext Beispiel. Dies ist ein Fließtext Beispiel. Dies ist ein Fließtext Beispiel. Dies ist ein Fließtext Beispiel. Dies ist ein Fließtext Beispiel. Dies ist ein Fließtext Beispiel.', 'Dies ist eine Aufzählung:\n- Aufzählung\n- Aufzählung\n- Aufzählung\n- Aufzählung\n- Aufzählung\n- Aufzählung\n- Aufzählung\n\nFazit. Fazit. Fazit.', 1, 1, 10, 'kommentar'),
(70, 15, 0, 'Dies ist ein Fließtext Beispiel. Dies ist ein Fließtext Beispiel. Dies ist ein Fließtext Beispiel. Dies ist ein Fließtext Beispiel. Dies ist ein Fließtext Beispiel. Dies ist ein Fließtext Beispiel. Dies ist ein Fließtext Beispiel. Dies ist ein Fließtext Beispiel. Dies ist ein Fließtext Beispiel. Dies ist ein Fließtext Beispiel. Dies ist ein Fließtext Beispiel. Dies ist ein Fließtext Beispiel.', 'Dies ist eine Aufzählung:\n- Aufzählung\n- Aufzählung\n- Aufzählung\n- Aufzählung\n- Aufzählung\n- Aufzählung\n- Aufzählung\n\nFazit. Fazit. Fazit.', 'Dies ist eine Aufzählung:\n- Aufzählung\n- Aufzählung\n- Aufzählung\n- Aufzählung\n- Aufzählung\n- Aufzählung\n- Aufzählung\n\nFazit. Fazit. Fazit.', 5, 5, 12, 'kommentar'),
(71, 57, 0, 'Dies ist eine Aufzählung:\n- Aufzählung\n- Aufzählung\n- Aufzählung\n- Aufzählung\n- Aufzählung\n- Aufzählung\n- Aufzählung\n\nFazit. Fazit. Fazit.', 'Dies ist eine Aufzählung:\n- Aufzählung\n- Aufzählung\n- Aufzählung\n- Aufzählung\n- Aufzählung\n- Aufzählung\n- Aufzählung\n\nFazit. Fazit. Fazit.', 'Dies ist eine Aufzählung:\n- Aufzählung\n- Aufzählung\n- Aufzählung\n- Aufzählung\n- Aufzählung\n- Aufzählung\n- Aufzählung\n\nFazit. Fazit. Fazit.', 7, 6, 2, 'kommentar'),
(72, 9, 1, 'Dies ist eine Aufzählung:\n- Aufzählung\n- Aufzählung\n- Aufzählung\n- Aufzählung\n- Aufzählung\n- Aufzählung\n- Aufzählung\n\nFazit. Fazit. Fazit.', 'Dies ist ein Fließtext Beispiel. Dies ist ein Fließtext Beispiel. Dies ist ein Fließtext Beispiel. Dies ist ein Fließtext Beispiel. Dies ist ein Fließtext Beispiel. Dies ist ein Fließtext Beispiel. Dies ist ein Fließtext Beispiel. Dies ist ein Fließtext Beispiel. Dies ist ein Fließtext Beispiel. Dies ist ein Fließtext Beispiel. Dies ist ein Fließtext Beispiel. Dies ist ein Fließtext Beispiel.', 'Bacon ipsum dolor amet jowl sausage doner ground round, turkey meatloaf jerky short ribs leberkas salami pork belly rump fatback chicken venison. Pastrami drumstick pork meatloaf salami, hamburger landjaeger bacon sausage turducken corned beef.', 12, 11, 8, 'kommentar'),
(73, 39, 1, 'Bacon ipsum dolor amet jowl sausage doner ground round, turkey meatloaf jerky short ribs leberkas salami pork belly rump fatback chicken venison. Pastrami drumstick pork meatloaf salami, hamburger landjaeger bacon sausage turducken corned beef.', 'Dies ist eine Aufzählung:\n- Aufzählung\n- Aufzählung\n- Aufzählung\n- Aufzählung\n- Aufzählung\n- Aufzählung\n- Aufzählung\n\nFazit. Fazit. Fazit.', 'Dies ist ein Fließtext Beispiel. Dies ist ein Fließtext Beispiel. Dies ist ein Fließtext Beispiel. Dies ist ein Fließtext Beispiel. Dies ist ein Fließtext Beispiel. Dies ist ein Fließtext Beispiel. Dies ist ein Fließtext Beispiel. Dies ist ein Fließtext Beispiel. Dies ist ein Fließtext Beispiel. Dies ist ein Fließtext Beispiel. Dies ist ein Fließtext Beispiel. Dies ist ein Fließtext Beispiel.', 10, 5, 10, 'kommentar'),
(74, 15, 1, 'Dies ist eine Aufzählung:\n- Aufzählung\n- Aufzählung\n- Aufzählung\n- Aufzählung\n- Aufzählung\n- Aufzählung\n- Aufzählung\n\nFazit. Fazit. Fazit.', 'Dies ist eine Aufzählung:\n- Aufzählung\n- Aufzählung\n- Aufzählung\n- Aufzählung\n- Aufzählung\n- Aufzählung\n- Aufzählung\n\nFazit. Fazit. Fazit.', 'Dies ist ein Fließtext Beispiel. Dies ist ein Fließtext Beispiel. Dies ist ein Fließtext Beispiel. Dies ist ein Fließtext Beispiel. Dies ist ein Fließtext Beispiel. Dies ist ein Fließtext Beispiel. Dies ist ein Fließtext Beispiel. Dies ist ein Fließtext Beispiel. Dies ist ein Fließtext Beispiel. Dies ist ein Fließtext Beispiel. Dies ist ein Fließtext Beispiel. Dies ist ein Fließtext Beispiel.', 6, 6, 13, 'kommentar'),
(75, 16, 0, 'Dies ist ein Fließtext Beispiel. Dies ist ein Fließtext Beispiel. Dies ist ein Fließtext Beispiel. Dies ist ein Fließtext Beispiel. Dies ist ein Fließtext Beispiel. Dies ist ein Fließtext Beispiel. Dies ist ein Fließtext Beispiel. Dies ist ein Fließtext Beispiel. Dies ist ein Fließtext Beispiel. Dies ist ein Fließtext Beispiel. Dies ist ein Fließtext Beispiel. Dies ist ein Fließtext Beispiel.', 'Dies ist eine Aufzählung:\n- Aufzählung\n- Aufzählung\n- Aufzählung\n- Aufzählung\n- Aufzählung\n- Aufzählung\n- Aufzählung\n\nFazit. Fazit. Fazit.', 'Dies ist eine Aufzählung:\n- Aufzählung\n- Aufzählung\n- Aufzählung\n- Aufzählung\n- Aufzählung\n- Aufzählung\n- Aufzählung\n\nFazit. Fazit. Fazit.', 8, 4, 6, 'kommentar'),
(76, 13, 3, 'Dies ist eine Aufzählung:\n- Aufzählung\n- Aufzählung\n- Aufzählung\n- Aufzählung\n- Aufzählung\n- Aufzählung\n- Aufzählung\n\nFazit. Fazit. Fazit.', 'Dies ist eine Aufzählung:\n- Aufzählung\n- Aufzählung\n- Aufzählung\n- Aufzählung\n- Aufzählung\n- Aufzählung\n- Aufzählung\n\nFazit. Fazit. Fazit.', 'Bacon ipsum dolor amet jowl sausage doner ground round, turkey meatloaf jerky short ribs leberkas salami pork belly rump fatback chicken venison. Pastrami drumstick pork meatloaf salami, hamburger landjaeger bacon sausage turducken corned beef.', 3, 11, 3, 'kommentar'),
(77, 89, 1, 'Bacon ipsum dolor amet jowl sausage doner ground round, turkey meatloaf jerky short ribs leberkas salami pork belly rump fatback chicken venison. Pastrami drumstick pork meatloaf salami, hamburger landjaeger bacon sausage turducken corned beef.', 'Bacon ipsum dolor amet jowl sausage doner ground round, turkey meatloaf jerky short ribs leberkas salami pork belly rump fatback chicken venison. Pastrami drumstick pork meatloaf salami, hamburger landjaeger bacon sausage turducken corned beef.', 'Dies ist ein Fließtext Beispiel. Dies ist ein Fließtext Beispiel. Dies ist ein Fließtext Beispiel. Dies ist ein Fließtext Beispiel. Dies ist ein Fließtext Beispiel. Dies ist ein Fließtext Beispiel. Dies ist ein Fließtext Beispiel. Dies ist ein Fließtext Beispiel. Dies ist ein Fließtext Beispiel. Dies ist ein Fließtext Beispiel. Dies ist ein Fließtext Beispiel. Dies ist ein Fließtext Beispiel.', 2, 2, 11, 'kommentar'),
(78, 37, 0, 'Dies ist eine Aufzählung:\n- Aufzählung\n- Aufzählung\n- Aufzählung\n- Aufzählung\n- Aufzählung\n- Aufzählung\n- Aufzählung\n\nFazit. Fazit. Fazit.', 'Dies ist ein Fließtext Beispiel. Dies ist ein Fließtext Beispiel. Dies ist ein Fließtext Beispiel. Dies ist ein Fließtext Beispiel. Dies ist ein Fließtext Beispiel. Dies ist ein Fließtext Beispiel. Dies ist ein Fließtext Beispiel. Dies ist ein Fließtext Beispiel. Dies ist ein Fließtext Beispiel. Dies ist ein Fließtext Beispiel. Dies ist ein Fließtext Beispiel. Dies ist ein Fließtext Beispiel.', 'Bacon ipsum dolor amet jowl sausage doner ground round, turkey meatloaf jerky short ribs leberkas salami pork belly rump fatback chicken venison. Pastrami drumstick pork meatloaf salami, hamburger landjaeger bacon sausage turducken corned beef.', 12, 8, 10, 'kommentar'),
(79, 74, 0, 'Dies ist eine Aufzählung:\n- Aufzählung\n- Aufzählung\n- Aufzählung\n- Aufzählung\n- Aufzählung\n- Aufzählung\n- Aufzählung\n\nFazit. Fazit. Fazit.', 'Dies ist ein Fließtext Beispiel. Dies ist ein Fließtext Beispiel. Dies ist ein Fließtext Beispiel. Dies ist ein Fließtext Beispiel. Dies ist ein Fließtext Beispiel. Dies ist ein Fließtext Beispiel. Dies ist ein Fließtext Beispiel. Dies ist ein Fließtext Beispiel. Dies ist ein Fließtext Beispiel. Dies ist ein Fließtext Beispiel. Dies ist ein Fließtext Beispiel. Dies ist ein Fließtext Beispiel.', 'Bacon ipsum dolor amet jowl sausage doner ground round, turkey meatloaf jerky short ribs leberkas salami pork belly rump fatback chicken venison. Pastrami drumstick pork meatloaf salami, hamburger landjaeger bacon sausage turducken corned beef.', 5, 4, 6, 'kommentar'),
(80, 97, 1, 'Dies ist eine Aufzählung:\n- Aufzählung\n- Aufzählung\n- Aufzählung\n- Aufzählung\n- Aufzählung\n- Aufzählung\n- Aufzählung\n\nFazit. Fazit. Fazit.', 'Dies ist ein Fließtext Beispiel. Dies ist ein Fließtext Beispiel. Dies ist ein Fließtext Beispiel. Dies ist ein Fließtext Beispiel. Dies ist ein Fließtext Beispiel. Dies ist ein Fließtext Beispiel. Dies ist ein Fließtext Beispiel. Dies ist ein Fließtext Beispiel. Dies ist ein Fließtext Beispiel. Dies ist ein Fließtext Beispiel. Dies ist ein Fließtext Beispiel. Dies ist ein Fließtext Beispiel.', 'Dies ist ein Fließtext Beispiel. Dies ist ein Fließtext Beispiel. Dies ist ein Fließtext Beispiel. Dies ist ein Fließtext Beispiel. Dies ist ein Fließtext Beispiel. Dies ist ein Fließtext Beispiel. Dies ist ein Fließtext Beispiel. Dies ist ein Fließtext Beispiel. Dies ist ein Fließtext Beispiel. Dies ist ein Fließtext Beispiel. Dies ist ein Fließtext Beispiel. Dies ist ein Fließtext Beispiel.', 5, 11, 9, 'kommentar'),
(81, 26, 1, 'Dies ist eine Aufzählung:\n- Aufzählung\n- Aufzählung\n- Aufzählung\n- Aufzählung\n- Aufzählung\n- Aufzählung\n- Aufzählung\n\nFazit. Fazit. Fazit.', 'Dies ist eine Aufzählung:\n- Aufzählung\n- Aufzählung\n- Aufzählung\n- Aufzählung\n- Aufzählung\n- Aufzählung\n- Aufzählung\n\nFazit. Fazit. Fazit.', 'Bacon ipsum dolor amet jowl sausage doner ground round, turkey meatloaf jerky short ribs leberkas salami pork belly rump fatback chicken venison. Pastrami drumstick pork meatloaf salami, hamburger landjaeger bacon sausage turducken corned beef.', 12, 10, 2, 'kommentar'),
(82, 8, 1, 'Dies ist ein Fließtext Beispiel. Dies ist ein Fließtext Beispiel. Dies ist ein Fließtext Beispiel. Dies ist ein Fließtext Beispiel. Dies ist ein Fließtext Beispiel. Dies ist ein Fließtext Beispiel. Dies ist ein Fließtext Beispiel. Dies ist ein Fließtext Beispiel. Dies ist ein Fließtext Beispiel. Dies ist ein Fließtext Beispiel. Dies ist ein Fließtext Beispiel. Dies ist ein Fließtext Beispiel.', 'Bacon ipsum dolor amet jowl sausage doner ground round, turkey meatloaf jerky short ribs leberkas salami pork belly rump fatback chicken venison. Pastrami drumstick pork meatloaf salami, hamburger landjaeger bacon sausage turducken corned beef.', 'Dies ist ein Fließtext Beispiel. Dies ist ein Fließtext Beispiel. Dies ist ein Fließtext Beispiel. Dies ist ein Fließtext Beispiel. Dies ist ein Fließtext Beispiel. Dies ist ein Fließtext Beispiel. Dies ist ein Fließtext Beispiel. Dies ist ein Fließtext Beispiel. Dies ist ein Fließtext Beispiel. Dies ist ein Fließtext Beispiel. Dies ist ein Fließtext Beispiel. Dies ist ein Fließtext Beispiel.', 11, 11, 10, 'kommentar'),
(83, 49, 1, 'Dies ist eine Aufzählung:\n- Aufzählung\n- Aufzählung\n- Aufzählung\n- Aufzählung\n- Aufzählung\n- Aufzählung\n- Aufzählung\n\nFazit. Fazit. Fazit.', 'Dies ist ein Fließtext Beispiel. Dies ist ein Fließtext Beispiel. Dies ist ein Fließtext Beispiel. Dies ist ein Fließtext Beispiel. Dies ist ein Fließtext Beispiel. Dies ist ein Fließtext Beispiel. Dies ist ein Fließtext Beispiel. Dies ist ein Fließtext Beispiel. Dies ist ein Fließtext Beispiel. Dies ist ein Fließtext Beispiel. Dies ist ein Fließtext Beispiel. Dies ist ein Fließtext Beispiel.', 'Bacon ipsum dolor amet jowl sausage doner ground round, turkey meatloaf jerky short ribs leberkas salami pork belly rump fatback chicken venison. Pastrami drumstick pork meatloaf salami, hamburger landjaeger bacon sausage turducken corned beef.', 11, 9, 3, 'kommentar'),
(84, 8, 2, 'Dies ist ein Fließtext Beispiel. Dies ist ein Fließtext Beispiel. Dies ist ein Fließtext Beispiel. Dies ist ein Fließtext Beispiel. Dies ist ein Fließtext Beispiel. Dies ist ein Fließtext Beispiel. Dies ist ein Fließtext Beispiel. Dies ist ein Fließtext Beispiel. Dies ist ein Fließtext Beispiel. Dies ist ein Fließtext Beispiel. Dies ist ein Fließtext Beispiel. Dies ist ein Fließtext Beispiel.', 'Dies ist ein Fließtext Beispiel. Dies ist ein Fließtext Beispiel. Dies ist ein Fließtext Beispiel. Dies ist ein Fließtext Beispiel. Dies ist ein Fließtext Beispiel. Dies ist ein Fließtext Beispiel. Dies ist ein Fließtext Beispiel. Dies ist ein Fließtext Beispiel. Dies ist ein Fließtext Beispiel. Dies ist ein Fließtext Beispiel. Dies ist ein Fließtext Beispiel. Dies ist ein Fließtext Beispiel.', 'Bacon ipsum dolor amet jowl sausage doner ground round, turkey meatloaf jerky short ribs leberkas salami pork belly rump fatback chicken venison. Pastrami drumstick pork meatloaf salami, hamburger landjaeger bacon sausage turducken corned beef.', 11, 11, 10, 'kommentar'),
(85, 8, 3, 'Bacon ipsum dolor amet jowl sausage doner ground round, turkey meatloaf jerky short ribs leberkas salami pork belly rump fatback chicken venison. Pastrami drumstick pork meatloaf salami, hamburger landjaeger bacon sausage turducken corned beef.', 'Dies ist ein Fließtext Beispiel. Dies ist ein Fließtext Beispiel. Dies ist ein Fließtext Beispiel. Dies ist ein Fließtext Beispiel. Dies ist ein Fließtext Beispiel. Dies ist ein Fließtext Beispiel. Dies ist ein Fließtext Beispiel. Dies ist ein Fließtext Beispiel. Dies ist ein Fließtext Beispiel. Dies ist ein Fließtext Beispiel. Dies ist ein Fließtext Beispiel. Dies ist ein Fließtext Beispiel.', 'Dies ist eine Aufzählung:\n- Aufzählung\n- Aufzählung\n- Aufzählung\n- Aufzählung\n- Aufzählung\n- Aufzählung\n- Aufzählung\n\nFazit. Fazit. Fazit.', 11, 11, 10, 'kommentar'),
(86, 72, 2, 'Bacon ipsum dolor amet jowl sausage doner ground round, turkey meatloaf jerky short ribs leberkas salami pork belly rump fatback chicken venison. Pastrami drumstick pork meatloaf salami, hamburger landjaeger bacon sausage turducken corned beef.', 'Dies ist eine Aufzählung:\n- Aufzählung\n- Aufzählung\n- Aufzählung\n- Aufzählung\n- Aufzählung\n- Aufzählung\n- Aufzählung\n\nFazit. Fazit. Fazit.', 'Dies ist ein Fließtext Beispiel. Dies ist ein Fließtext Beispiel. Dies ist ein Fließtext Beispiel. Dies ist ein Fließtext Beispiel. Dies ist ein Fließtext Beispiel. Dies ist ein Fließtext Beispiel. Dies ist ein Fließtext Beispiel. Dies ist ein Fließtext Beispiel. Dies ist ein Fließtext Beispiel. Dies ist ein Fließtext Beispiel. Dies ist ein Fließtext Beispiel. Dies ist ein Fließtext Beispiel.', 11, 8, 2, 'kommentar'),
(87, 23, 0, 'Dies ist ein Fließtext Beispiel. Dies ist ein Fließtext Beispiel. Dies ist ein Fließtext Beispiel. Dies ist ein Fließtext Beispiel. Dies ist ein Fließtext Beispiel. Dies ist ein Fließtext Beispiel. Dies ist ein Fließtext Beispiel. Dies ist ein Fließtext Beispiel. Dies ist ein Fließtext Beispiel. Dies ist ein Fließtext Beispiel. Dies ist ein Fließtext Beispiel. Dies ist ein Fließtext Beispiel.', 'Dies ist ein Fließtext Beispiel. Dies ist ein Fließtext Beispiel. Dies ist ein Fließtext Beispiel. Dies ist ein Fließtext Beispiel. Dies ist ein Fließtext Beispiel. Dies ist ein Fließtext Beispiel. Dies ist ein Fließtext Beispiel. Dies ist ein Fließtext Beispiel. Dies ist ein Fließtext Beispiel. Dies ist ein Fließtext Beispiel. Dies ist ein Fließtext Beispiel. Dies ist ein Fließtext Beispiel.', 'Dies ist eine Aufzählung:\n- Aufzählung\n- Aufzählung\n- Aufzählung\n- Aufzählung\n- Aufzählung\n- Aufzählung\n- Aufzählung\n\nFazit. Fazit. Fazit.', 2, 10, 12, 'kommentar'),
(88, 51, 3, 'Dies ist eine Aufzählung:\n- Aufzählung\n- Aufzählung\n- Aufzählung\n- Aufzählung\n- Aufzählung\n- Aufzählung\n- Aufzählung\n\nFazit. Fazit. Fazit.', 'Bacon ipsum dolor amet jowl sausage doner ground round, turkey meatloaf jerky short ribs leberkas salami pork belly rump fatback chicken venison. Pastrami drumstick pork meatloaf salami, hamburger landjaeger bacon sausage turducken corned beef.', 'Bacon ipsum dolor amet jowl sausage doner ground round, turkey meatloaf jerky short ribs leberkas salami pork belly rump fatback chicken venison. Pastrami drumstick pork meatloaf salami, hamburger landjaeger bacon sausage turducken corned beef.', 6, 10, 3, 'kommentar'),
(89, 71, 2, 'Dies ist ein Fließtext Beispiel. Dies ist ein Fließtext Beispiel. Dies ist ein Fließtext Beispiel. Dies ist ein Fließtext Beispiel. Dies ist ein Fließtext Beispiel. Dies ist ein Fließtext Beispiel. Dies ist ein Fließtext Beispiel. Dies ist ein Fließtext Beispiel. Dies ist ein Fließtext Beispiel. Dies ist ein Fließtext Beispiel. Dies ist ein Fließtext Beispiel. Dies ist ein Fließtext Beispiel.', 'Dies ist ein Fließtext Beispiel. Dies ist ein Fließtext Beispiel. Dies ist ein Fließtext Beispiel. Dies ist ein Fließtext Beispiel. Dies ist ein Fließtext Beispiel. Dies ist ein Fließtext Beispiel. Dies ist ein Fließtext Beispiel. Dies ist ein Fließtext Beispiel. Dies ist ein Fließtext Beispiel. Dies ist ein Fließtext Beispiel. Dies ist ein Fließtext Beispiel. Dies ist ein Fließtext Beispiel.', 'Dies ist eine Aufzählung:\n- Aufzählung\n- Aufzählung\n- Aufzählung\n- Aufzählung\n- Aufzählung\n- Aufzählung\n- Aufzählung\n\nFazit. Fazit. Fazit.', 2, 9, 11, 'kommentar'),
(90, 2, 1, 'Bacon ipsum dolor amet jowl sausage doner ground round, turkey meatloaf jerky short ribs leberkas salami pork belly rump fatback chicken venison. Pastrami drumstick pork meatloaf salami, hamburger landjaeger bacon sausage turducken corned beef.', 'Dies ist eine Aufzählung:\n- Aufzählung\n- Aufzählung\n- Aufzählung\n- Aufzählung\n- Aufzählung\n- Aufzählung\n- Aufzählung\n\nFazit. Fazit. Fazit.', 'Bacon ipsum dolor amet jowl sausage doner ground round, turkey meatloaf jerky short ribs leberkas salami pork belly rump fatback chicken venison. Pastrami drumstick pork meatloaf salami, hamburger landjaeger bacon sausage turducken corned beef.', 12, 5, 4, 'kommentar'),
(91, 34, 0, 'Bacon ipsum dolor amet jowl sausage doner ground round, turkey meatloaf jerky short ribs leberkas salami pork belly rump fatback chicken venison. Pastrami drumstick pork meatloaf salami, hamburger landjaeger bacon sausage turducken corned beef.', 'Dies ist ein Fließtext Beispiel. Dies ist ein Fließtext Beispiel. Dies ist ein Fließtext Beispiel. Dies ist ein Fließtext Beispiel. Dies ist ein Fließtext Beispiel. Dies ist ein Fließtext Beispiel. Dies ist ein Fließtext Beispiel. Dies ist ein Fließtext Beispiel. Dies ist ein Fließtext Beispiel. Dies ist ein Fließtext Beispiel. Dies ist ein Fließtext Beispiel. Dies ist ein Fließtext Beispiel.', 'Dies ist ein Fließtext Beispiel. Dies ist ein Fließtext Beispiel. Dies ist ein Fließtext Beispiel. Dies ist ein Fließtext Beispiel. Dies ist ein Fließtext Beispiel. Dies ist ein Fließtext Beispiel. Dies ist ein Fließtext Beispiel. Dies ist ein Fließtext Beispiel. Dies ist ein Fließtext Beispiel. Dies ist ein Fließtext Beispiel. Dies ist ein Fließtext Beispiel. Dies ist ein Fließtext Beispiel.', 2, 8, 8, 'kommentar'),
(92, 80, 0, 'Dies ist eine Aufzählung:\n- Aufzählung\n- Aufzählung\n- Aufzählung\n- Aufzählung\n- Aufzählung\n- Aufzählung\n- Aufzählung\n\nFazit. Fazit. Fazit.', 'Dies ist eine Aufzählung:\n- Aufzählung\n- Aufzählung\n- Aufzählung\n- Aufzählung\n- Aufzählung\n- Aufzählung\n- Aufzählung\n\nFazit. Fazit. Fazit.', 'Dies ist ein Fließtext Beispiel. Dies ist ein Fließtext Beispiel. Dies ist ein Fließtext Beispiel. Dies ist ein Fließtext Beispiel. Dies ist ein Fließtext Beispiel. Dies ist ein Fließtext Beispiel. Dies ist ein Fließtext Beispiel. Dies ist ein Fließtext Beispiel. Dies ist ein Fließtext Beispiel. Dies ist ein Fließtext Beispiel. Dies ist ein Fließtext Beispiel. Dies ist ein Fließtext Beispiel.', 7, 2, 12, 'kommentar'),
(93, 81, 1, 'Dies ist eine Aufzählung:\n- Aufzählung\n- Aufzählung\n- Aufzählung\n- Aufzählung\n- Aufzählung\n- Aufzählung\n- Aufzählung\n\nFazit. Fazit. Fazit.', 'Bacon ipsum dolor amet jowl sausage doner ground round, turkey meatloaf jerky short ribs leberkas salami pork belly rump fatback chicken venison. Pastrami drumstick pork meatloaf salami, hamburger landjaeger bacon sausage turducken corned beef.', 'Dies ist eine Aufzählung:\n- Aufzählung\n- Aufzählung\n- Aufzählung\n- Aufzählung\n- Aufzählung\n- Aufzählung\n- Aufzählung\n\nFazit. Fazit. Fazit.', 10, 10, 5, 'kommentar'),
(94, 88, 0, 'Dies ist ein Fließtext Beispiel. Dies ist ein Fließtext Beispiel. Dies ist ein Fließtext Beispiel. Dies ist ein Fließtext Beispiel. Dies ist ein Fließtext Beispiel. Dies ist ein Fließtext Beispiel. Dies ist ein Fließtext Beispiel. Dies ist ein Fließtext Beispiel. Dies ist ein Fließtext Beispiel. Dies ist ein Fließtext Beispiel. Dies ist ein Fließtext Beispiel. Dies ist ein Fließtext Beispiel.', 'Dies ist ein Fließtext Beispiel. Dies ist ein Fließtext Beispiel. Dies ist ein Fließtext Beispiel. Dies ist ein Fließtext Beispiel. Dies ist ein Fließtext Beispiel. Dies ist ein Fließtext Beispiel. Dies ist ein Fließtext Beispiel. Dies ist ein Fließtext Beispiel. Dies ist ein Fließtext Beispiel. Dies ist ein Fließtext Beispiel. Dies ist ein Fließtext Beispiel. Dies ist ein Fließtext Beispiel.', 'Dies ist eine Aufzählung:\n- Aufzählung\n- Aufzählung\n- Aufzählung\n- Aufzählung\n- Aufzählung\n- Aufzählung\n- Aufzählung\n\nFazit. Fazit. Fazit.', 5, 2, 1, 'kommentar'),
(95, 56, 1, 'Dies ist ein Fließtext Beispiel. Dies ist ein Fließtext Beispiel. Dies ist ein Fließtext Beispiel. Dies ist ein Fließtext Beispiel. Dies ist ein Fließtext Beispiel. Dies ist ein Fließtext Beispiel. Dies ist ein Fließtext Beispiel. Dies ist ein Fließtext Beispiel. Dies ist ein Fließtext Beispiel. Dies ist ein Fließtext Beispiel. Dies ist ein Fließtext Beispiel. Dies ist ein Fließtext Beispiel.', 'Bacon ipsum dolor amet jowl sausage doner ground round, turkey meatloaf jerky short ribs leberkas salami pork belly rump fatback chicken venison. Pastrami drumstick pork meatloaf salami, hamburger landjaeger bacon sausage turducken corned beef.', 'Dies ist eine Aufzählung:\n- Aufzählung\n- Aufzählung\n- Aufzählung\n- Aufzählung\n- Aufzählung\n- Aufzählung\n- Aufzählung\n\nFazit. Fazit. Fazit.', 2, 3, 9, 'kommentar'),
(96, 53, 0, 'Dies ist eine Aufzählung:\n- Aufzählung\n- Aufzählung\n- Aufzählung\n- Aufzählung\n- Aufzählung\n- Aufzählung\n- Aufzählung\n\nFazit. Fazit. Fazit.', 'Bacon ipsum dolor amet jowl sausage doner ground round, turkey meatloaf jerky short ribs leberkas salami pork belly rump fatback chicken venison. Pastrami drumstick pork meatloaf salami, hamburger landjaeger bacon sausage turducken corned beef.', 'Bacon ipsum dolor amet jowl sausage doner ground round, turkey meatloaf jerky short ribs leberkas salami pork belly rump fatback chicken venison. Pastrami drumstick pork meatloaf salami, hamburger landjaeger bacon sausage turducken corned beef.', 1, 3, 1, 'kommentar'),
(97, 11, 1, 'Dies ist ein Fließtext Beispiel. Dies ist ein Fließtext Beispiel. Dies ist ein Fließtext Beispiel. Dies ist ein Fließtext Beispiel. Dies ist ein Fließtext Beispiel. Dies ist ein Fließtext Beispiel. Dies ist ein Fließtext Beispiel. Dies ist ein Fließtext Beispiel. Dies ist ein Fließtext Beispiel. Dies ist ein Fließtext Beispiel. Dies ist ein Fließtext Beispiel. Dies ist ein Fließtext Beispiel.', 'Dies ist eine Aufzählung:\n- Aufzählung\n- Aufzählung\n- Aufzählung\n- Aufzählung\n- Aufzählung\n- Aufzählung\n- Aufzählung\n\nFazit. Fazit. Fazit.', 'Dies ist ein Fließtext Beispiel. Dies ist ein Fließtext Beispiel. Dies ist ein Fließtext Beispiel. Dies ist ein Fließtext Beispiel. Dies ist ein Fließtext Beispiel. Dies ist ein Fließtext Beispiel. Dies ist ein Fließtext Beispiel. Dies ist ein Fließtext Beispiel. Dies ist ein Fließtext Beispiel. Dies ist ein Fließtext Beispiel. Dies ist ein Fließtext Beispiel. Dies ist ein Fließtext Beispiel.', 12, 10, 4, 'kommentar'),
(98, 44, 1, 'Bacon ipsum dolor amet jowl sausage doner ground round, turkey meatloaf jerky short ribs leberkas salami pork belly rump fatback chicken venison. Pastrami drumstick pork meatloaf salami, hamburger landjaeger bacon sausage turducken corned beef.', 'Dies ist ein Fließtext Beispiel. Dies ist ein Fließtext Beispiel. Dies ist ein Fließtext Beispiel. Dies ist ein Fließtext Beispiel. Dies ist ein Fließtext Beispiel. Dies ist ein Fließtext Beispiel. Dies ist ein Fließtext Beispiel. Dies ist ein Fließtext Beispiel. Dies ist ein Fließtext Beispiel. Dies ist ein Fließtext Beispiel. Dies ist ein Fließtext Beispiel. Dies ist ein Fließtext Beispiel.', 'Dies ist eine Aufzählung:\n- Aufzählung\n- Aufzählung\n- Aufzählung\n- Aufzählung\n- Aufzählung\n- Aufzählung\n- Aufzählung\n\nFazit. Fazit. Fazit.', 10, 3, 12, 'kommentar'),
(99, 24, 0, 'Bacon ipsum dolor amet jowl sausage doner ground round, turkey meatloaf jerky short ribs leberkas salami pork belly rump fatback chicken venison. Pastrami drumstick pork meatloaf salami, hamburger landjaeger bacon sausage turducken corned beef.', 'Dies ist ein Fließtext Beispiel. Dies ist ein Fließtext Beispiel. Dies ist ein Fließtext Beispiel. Dies ist ein Fließtext Beispiel. Dies ist ein Fließtext Beispiel. Dies ist ein Fließtext Beispiel. Dies ist ein Fließtext Beispiel. Dies ist ein Fließtext Beispiel. Dies ist ein Fließtext Beispiel. Dies ist ein Fließtext Beispiel. Dies ist ein Fließtext Beispiel. Dies ist ein Fließtext Beispiel.', 'Bacon ipsum dolor amet jowl sausage doner ground round, turkey meatloaf jerky short ribs leberkas salami pork belly rump fatback chicken venison. Pastrami drumstick pork meatloaf salami, hamburger landjaeger bacon sausage turducken corned beef.', 8, 8, 12, 'kommentar');

-- --------------------------------------------------------

--
-- Tabellenstruktur für Tabelle `user`
--

CREATE TABLE `user` (
  `id` bigint(20) NOT NULL,
  `user` varchar(45) NOT NULL,
  `password` varchar(200) NOT NULL,
  `instructor` tinyint(1) NOT NULL,
  `last_name` varchar(100) DEFAULT NULL,
  `first_name` varchar(100) DEFAULT NULL,
  `job` varchar(100) DEFAULT NULL,
  `educational_year` int(11) DEFAULT NULL,
  `instructor_id` bigint(20) DEFAULT NULL,
  `start_date` date DEFAULT NULL
) ENGINE=InnoDB DEFAULT CHARSET=latin1;

--
-- Daten für Tabelle `user`
--

INSERT INTO `user` (`id`, `user`, `password`, `instructor`, `last_name`, `first_name`, `job`, `educational_year`, `instructor_id`, `start_date`) VALUES
(1, 'cmohr', 'passwort', 1, 'Mohr', 'Carina', 'Fachinformatikerin', 0, 1, '1970-01-01'),
(2, 'hscharf', 'passwort', 1, 'Scharf', 'Hans-Otto', 'Elektrotechniker', 0, 2, '1970-01-01'),
(3, 'agruber', 'passwort', 1, 'Gruber', 'Alois', 'IT-Systemelektroniker', 0, 3, '1970-01-01'),
(4, 'jwagner', 'passwort', 1, 'Wagner', 'John', 'Informatikkaufmann', 0, 4, '1970-01-01'),
(5, 'bschütze-singer', 'passwort', 1, 'Schütze-Singer', 'Bettina', 'Systeminformatikerin', 0, 5, '1970-01-01'),
(6, 'dkrause', 'passwort', 0, 'Krause', 'Denise', 'IT-Systemkauffrau', 1, 5, '2017-09-01'),
(7, 'emüller', 'passwort', 0, 'Müller', 'Ernst', 'Mathematisch-technischer Softwareentwickler', 1, 5, '2017-09-01'),
(8, 'rnickel', 'passwort', 0, 'Nickel', 'Rudolf', 'Systeminformatiker', 1, 3, '2017-09-01'),
(9, 'rmann', 'passwort', 0, 'Mann', 'Ronald', 'IT-Systemelektroniker', 2, 1, '2016-09-01'),
(10, 'ereimann', 'passwort', 0, 'Reimann', 'Eckehard', 'Fachinformatiker Systemintegration', 1, 5, '2017-09-01'),
(11, 'kstadler', 'passwort', 0, 'Stadler', 'Käte', 'Fachinformatikerin', 1, 1, '2017-09-01'),
(12, 'khofmann-böhme', 'passwort', 0, 'Hofmann-Böhme', 'Klaus-Peter', 'Mathematisch-technischer Softwareentwickler', 3, 1, '2015-09-01'),
(13, 'jschmidt', 'passwort', 0, 'Schmidt', 'Johanna', 'Fachinformatikerin', 2, 5, '2016-08-01'),
(14, 'nbender', 'passwort', 0, 'Bender', 'Nikolaos', 'Mathematisch-technischer Softwareentwickler', 1, 3, '2017-08-01'),
(15, 'ksiebert', 'passwort', 0, 'Siebert', 'Katharina', 'Informatikkauffrau', 1, 1, '2017-09-01'),
(16, 'wnagel-schumacher', 'passwort', 0, 'Nagel-Schumacher', 'Wiebke', 'Fachinformatikerin', 3, 3, '2015-08-01'),
(17, 'kköster', 'passwort', 0, 'Köster', 'Karl-Heinrich', 'Systeminformatiker', 2, 4, '2016-08-01'),
(18, 'areichel', 'passwort', 0, 'Reichel', 'Ahmed', 'Fachinformatiker Anwedungsentwicklung', 1, 2, '2017-09-01'),
(19, 'mbrinkmann', 'passwort', 0, 'Brinkmann', 'Marika', 'Fachinformatikerin Anwedungsentwicklung', 1, 4, '2017-08-01'),
(20, 'uschuler', 'passwort', 0, 'Schuler', 'Uli', 'Informatikkaufmann', 3, 1, '2015-08-01'),
(21, 'owalter', 'passwort', 0, 'Walter', 'Ortrud', 'Fachinformatikerin Anwedungsentwicklung', 3, 5, '2015-08-01'),
(22, 'ebenz-behrens', 'passwort', 0, 'Benz-Behrens', 'Else', 'Technische Assistentin für Informatik', 2, 5, '2016-08-01'),
(23, 'hberg', 'passwort', 0, 'Berg', 'Harri', 'IT-Systemkaufmann', 3, 4, '2015-08-01'),
(24, 'lkramer-krüger', 'passwort', 0, 'Kramer-Krüger', 'Lukas', 'Fachinformatiker Systemintegration', 3, 4, '2015-08-01'),
(25, 'kpeter', 'passwort', 0, 'Peter', 'Klaus', 'Mathematisch-technische Softwareentwicklerin', 1, 5, '2017-08-01'),
(26, 'lschiller', 'passwort', 0, 'Schiller', 'Loni', 'Technische Assistentin für Informatik', 1, 5, '2017-08-01'),
(27, 'jbartels', 'passwort', 0, 'Bartels', 'Jens-Uwe', 'Technischer Assistent für Informatik', 3, 5, '2015-09-01'),
(28, 'ekirsch', 'passwort', 0, 'Kirsch', 'Elise', 'IT-Systemelektronikerin', 1, 4, '2017-08-01'),
(29, 'gwiedemann', 'passwort', 0, 'Wiedemann', 'Gebhard', 'Fachinformatiker', 3, 3, '2015-09-01'),
(30, 'ischäfer', 'passwort', 0, 'Schäfer', 'Inga', 'Mathematisch-technische Softwareentwicklerin', 3, 2, '2015-08-01'),
(31, 'cberg', 'passwort', 0, 'Berg', 'Christopher', 'IT-Systemkaufmann', 1, 2, '2017-09-01'),
(32, 'mmetzger', 'passwort', 0, 'Metzger', 'Marie-Luise', 'Systeminformatikerin', 2, 4, '2016-08-01'),
(33, 'hklemm', 'passwort', 0, 'Klemm', 'Hilda', 'Mathematisch-technische Softwareentwicklerin', 2, 5, '2016-09-01'),
(34, 'nschiller', 'passwort', 0, 'Schiller', 'Natascha', 'Technische Assistentin für Informatik', 1, 3, '2017-08-01'),
(35, 'evetter', 'passwort', 0, 'Vetter', 'Eckard', 'IT-Systemkaufmann', 3, 2, '2015-09-01'),
(36, 'skönig-schüler', 'passwort', 0, 'König-Schüler', 'Sieglinde', 'Fachinformatikerin Anwedungsentwicklung', 2, 1, '2016-08-01'),
(42, 'kmuster', 'pw', 1, 'muster', 'kevin', 'Terminator', 2001, 1, '2018-04-29');

--
-- Indizes der exportierten Tabellen
--

--
-- Indizes für die Tabelle `report`
--
ALTER TABLE `report`
  ADD PRIMARY KEY (`id`),
  ADD KEY `user_id` (`user_id`);

--
-- Indizes für die Tabelle `report_revision`
--
ALTER TABLE `report_revision`
  ADD PRIMARY KEY (`id`),
  ADD KEY `report_id` (`report_id`);

--
-- Indizes für die Tabelle `user`
--
ALTER TABLE `user`
  ADD PRIMARY KEY (`id`),
  ADD KEY `instructor_id` (`instructor_id`);

--
-- AUTO_INCREMENT für exportierte Tabellen
--

--
-- AUTO_INCREMENT für Tabelle `report`
--
ALTER TABLE `report`
  MODIFY `id` bigint(20) NOT NULL AUTO_INCREMENT, AUTO_INCREMENT=101;

--
-- AUTO_INCREMENT für Tabelle `report_revision`
--
ALTER TABLE `report_revision`
  MODIFY `id` bigint(20) NOT NULL AUTO_INCREMENT, AUTO_INCREMENT=100;

--
-- AUTO_INCREMENT für Tabelle `user`
--
ALTER TABLE `user`
  MODIFY `id` bigint(20) NOT NULL AUTO_INCREMENT, AUTO_INCREMENT=49;

--
-- Constraints der exportierten Tabellen
--

--
-- Constraints der Tabelle `report`
--
ALTER TABLE `report`
  ADD CONSTRAINT `report_ibfk_1` FOREIGN KEY (`user_id`) REFERENCES `user` (`id`);

--
-- Constraints der Tabelle `report_revision`
--
ALTER TABLE `report_revision`
  ADD CONSTRAINT `report_revision_ibfk_1` FOREIGN KEY (`report_id`) REFERENCES `report` (`id`);

--
-- Constraints der Tabelle `user`
--
ALTER TABLE `user`
  ADD CONSTRAINT `user_ibfk_1` FOREIGN KEY (`instructor_id`) REFERENCES `user` (`id`);
COMMIT;

/*!40101 SET CHARACTER_SET_CLIENT=@OLD_CHARACTER_SET_CLIENT */;
/*!40101 SET CHARACTER_SET_RESULTS=@OLD_CHARACTER_SET_RESULTS */;
/*!40101 SET COLLATION_CONNECTION=@OLD_COLLATION_CONNECTION */;
