-- phpMyAdmin SQL Dump
-- version 4.8.0
-- https://www.phpmyadmin.net/
--
-- Host: db
-- Erstellungszeit: 03. Jun 2018 um 16:45
-- Server-Version: 10.2.14-MariaDB-10.2.14+maria~jessie
-- PHP-Version: 7.2.4

SET SQL_MODE = "NO_AUTO_VALUE_ON_ZERO";
SET AUTOCOMMIT = 0;
START TRANSACTION;
SET time_zone = "+00:00";


/*!40101 SET @OLD_CHARACTER_SET_CLIENT=@@CHARACTER_SET_CLIENT */;
/*!40101 SET @OLD_CHARACTER_SET_RESULTS=@@CHARACTER_SET_RESULTS */;
/*!40101 SET @OLD_COLLATION_CONNECTION=@@COLLATION_CONNECTION */;
/*!40101 SET NAMES utf8mb4 */;

--
-- Datenbank: `swp`
--
CREATE DATABASE IF NOT EXISTS `swp` DEFAULT CHARACTER SET utf8 COLLATE utf8_german2_ci;
USE `swp`;

-- --------------------------------------------------------

--
-- Tabellenstruktur für Tabelle `report`
--

CREATE TABLE `report` (
  `id` bigint(20) NOT NULL,
  `date` date NOT NULL,
  `status` int(11) NOT NULL,
  `user_id` bigint(20) NOT NULL,
  `reportCount` int(11) NOT NULL
) ENGINE=InnoDB DEFAULT CHARSET=utf8 COLLATE=utf8_german2_ci;

--
-- TRUNCATE Tabelle vor dem Einfügen `report`
--

TRUNCATE TABLE `report`;
--
-- Daten für Tabelle `report`
--

INSERT INTO `report` (`id`, `date`, `status`, `user_id`, `reportCount`) VALUES
(1, '2017-10-14', 0, 13, 1),
(2, '2017-10-30', 2, 11, 3),
(3, '2018-03-26', 0, 18, 5),
(4, '2018-03-12', 2, 23, 5),
(5, '2018-03-04', 0, 20, 3),
(6, '2017-10-15', 0, 26, 1),
(7, '2018-02-07', 0, 14, 3),
(8, '2017-10-23', 4, 24, 1),
(9, '2018-01-24', 2, 33, 3),
(10, '2018-01-11', 1, 18, 4),
(11, '2018-04-13', 2, 19, 7),
(12, '2017-11-24', 0, 24, 2),
(13, '2017-09-18', 4, 21, 1),
(14, '2018-02-13', 0, 11, 8),
(15, '2017-12-02', 2, 13, 4),
(16, '2017-11-16', 1, 29, 1),
(17, '2018-03-02', 0, 10, 1),
(18, '2018-03-07', 0, 25, 2),
(19, '2017-11-13', 0, 35, 2),
(20, '2018-02-26', 1, 7, 4),
(21, '2017-11-23', 2, 18, 1),
(22, '2017-11-05', 1, 16, 2),
(23, '2018-02-02', 1, 34, 3),
(24, '2017-11-01', 1, 11, 4),
(25, '2018-01-16', 0, 21, 2),
(26, '2018-04-10', 2, 28, 1),
(27, '2017-12-14', 0, 11, 6),
(28, '2018-03-06', 1, 31, 3),
(29, '2017-09-05', 0, 35, 1),
(30, '2017-09-24', 1, 32, 1),
(31, '2018-02-19', 0, 15, 5),
(32, '2017-12-03', 1, 7, 1),
(33, '2018-01-01', 0, 11, 7),
(34, '2017-09-25', 1, 9, 1),
(35, '2018-03-23', 1, 17, 3),
(36, '2018-04-03', 1, 22, 3),
(37, '2017-11-01', 1, 20, 1),
(38, '2018-01-16', 2, 33, 2),
(39, '2018-02-01', 2, 22, 2),
(40, '2018-04-12', 1, 17, 4),
(41, '2018-03-25', 0, 6, 1),
(42, '2018-04-17', 0, 22, 4),
(43, '2018-01-18', 0, 30, 3),
(44, '2018-02-24', 2, 31, 2),
(45, '2018-01-21', 1, 20, 2),
(46, '2018-03-28', 0, 12, 2),
(47, '2017-12-13', 0, 34, 1),
(48, '2017-12-11', 1, 7, 2),
(49, '2018-01-19', 2, 36, 0),
(50, '2017-12-28', 1, 19, 5),
(51, '2017-12-26', 4, 33, 1),
(52, '2017-12-10', 0, 29, 2),
(53, '2017-11-15', 1, 8, 1),
(54, '2017-11-07', 1, 9, 3),
(55, '2017-10-13', 0, 14, 1),
(56, '2017-10-21', 2, 11, 2),
(57, '2018-01-31', 1, 7, 3),
(58, '2017-11-10', 0, 27, 2),
(59, '2017-11-06', 0, 11, 5),
(60, '2017-10-10', 1, 27, 1),
(61, '2017-12-17', 2, 29, 3),
(62, '2018-01-26', 1, 15, 3),
(63, '2017-12-23', 1, 18, 2),
(64, '2017-10-10', 2, 23, 2),
(65, '2017-09-20', 0, 30, 1),
(66, '2017-09-08', 2, 31, 1),
(67, '2017-09-27', 0, 16, 1),
(68, '2017-09-01', 0, 19, 1),
(69, '2017-10-25', 1, 17, 1),
(70, '2017-10-09', 0, 19, 3),
(71, '2018-04-05', 3, 33, 4),
(72, '2017-12-25', 3, 34, 2),
(73, '2017-09-01', 1, 11, 1),
(74, '2017-12-08', 1, 8, 2),
(75, '2017-11-13', 0, 13, 3),
(76, '2017-12-06', 0, 25, 1),
(77, '2018-02-18', 1, 24, 4),
(78, '2018-03-10', 1, 7, 5),
(79, '2017-12-30', 1, 22, 1),
(80, '2018-02-07', 1, 16, 3),
(81, '2018-01-01', 2, 9, 4),
(82, '2018-02-08', 0, 23, 4),
(83, '2018-04-11', 1, 30, 4),
(84, '2017-11-15', 0, 17, 2),
(85, '2017-11-20', 2, 12, 1),
(86, '2018-03-17', 2, 8, 3),
(87, '2018-01-13', 2, 24, 3),
(88, '2017-10-26', 1, 30, 2),
(89, '2017-09-07', 2, 23, 1),
(90, '2017-10-05', 0, 9, 2),
(91, '2017-11-09', 1, 14, 2),
(92, '2017-11-09', 0, 15, 1),
(93, '2017-10-27', 1, 13, 2),
(94, '2018-01-14', 0, 15, 2),
(95, '2017-12-26', 2, 18, 3),
(96, '2018-02-16', 1, 15, 4),
(97, '2017-11-09', 2, 19, 4),
(98, '2017-12-13', 0, 23, 3),
(99, '2017-10-06', 2, 19, 2),
(100, '2018-03-19', 0, 19, 6),
(101, '2018-04-02', 0, 37, 1),
(102, '2018-04-09', 1, 37, 2),
(103, '2018-04-16', 2, 37, 3),
(104, '2018-04-23', 3, 37, 4),
(105, '2018-04-30', 4, 37, 5);

-- --------------------------------------------------------

--
-- Tabellenstruktur für Tabelle `report_revision`
--

CREATE TABLE `report_revision` (
  `id` bigint(20) NOT NULL,
  `report_id` bigint(20) NOT NULL,
  `number` int(11) NOT NULL,
  `textOperationalActivities` mediumtext COLLATE utf8_german2_ci NOT NULL,
  `textOperationalGuidance` mediumtext COLLATE utf8_german2_ci NOT NULL,
  `textVocationalTeaching` mediumtext COLLATE utf8_german2_ci NOT NULL,
  `hoursOperationalActivities` int(11) NOT NULL,
  `hoursOperationalGuidance` int(11) NOT NULL,
  `hoursVocationalTeaching` int(11) NOT NULL,
  `comment` mediumtext COLLATE utf8_german2_ci NOT NULL,
  `timeStamp` timestamp NOT NULL DEFAULT current_timestamp() ON UPDATE current_timestamp()
) ENGINE=InnoDB DEFAULT CHARSET=utf8 COLLATE=utf8_german2_ci;

--
-- TRUNCATE Tabelle vor dem Einfügen `report_revision`
--

TRUNCATE TABLE `report_revision`;
--
-- Daten für Tabelle `report_revision`
--

INSERT INTO `report_revision` (`id`, `report_id`, `number`, `textOperationalActivities`, `textOperationalGuidance`, `textVocationalTeaching`, `hoursOperationalActivities`, `hoursOperationalGuidance`, `hoursVocationalTeaching`, `comment`, `timeStamp`) VALUES
(1, 99, 0, 'Dies ist eine Aufzählung:\n- Aufzählung\n- Aufzählung\n- Aufzählung\n- Aufzählung\n- Aufzählung\n- Aufzählung\n- Aufzählung\n\nFazit. Fazit. Fazit.', 'Dies ist eine Aufzählung:\n- Aufzählung\n- Aufzählung\n- Aufzählung\n- Aufzählung\n- Aufzählung\n- Aufzählung\n- Aufzählung\n\nFazit. Fazit. Fazit.', 'Dies ist ein Fließtext Beispiel. Dies ist ein Fließtext Beispiel. Dies ist ein Fließtext Beispiel. Dies ist ein Fließtext Beispiel. Dies ist ein Fließtext Beispiel. Dies ist ein Fließtext Beispiel. Dies ist ein Fließtext Beispiel. Dies ist ein Fließtext Beispiel. Dies ist ein Fließtext Beispiel. Dies ist ein Fließtext Beispiel. Dies ist ein Fließtext Beispiel. Dies ist ein Fließtext Beispiel.', 8, 12, 4, 'kommentar', '2018-05-29 21:53:19'),
(2, 20, 0, 'Dies ist eine Aufzählung:\n- Aufzählung\n- Aufzählung\n- Aufzählung\n- Aufzählung\n- Aufzählung\n- Aufzählung\n- Aufzählung\n\nFazit. Fazit. Fazit.', 'Dies ist eine Aufzählung:\n- Aufzählung\n- Aufzählung\n- Aufzählung\n- Aufzählung\n- Aufzählung\n- Aufzählung\n- Aufzählung\n\nFazit. Fazit. Fazit.', 'Bacon ipsum dolor amet jowl sausage doner ground round, turkey meatloaf jerky short ribs leberkas salami pork belly rump fatback chicken venison. Pastrami drumstick pork meatloaf salami, hamburger landjaeger bacon sausage turducken corned beef.', 4, 5, 7, 'kommentar', '2018-05-29 21:53:19'),
(3, 22, 0, 'Dies ist eine Aufzählung:\n- Aufzählung\n- Aufzählung\n- Aufzählung\n- Aufzählung\n- Aufzählung\n- Aufzählung\n- Aufzählung\n\nFazit. Fazit. Fazit.', 'Dies ist eine Aufzählung:\n- Aufzählung\n- Aufzählung\n- Aufzählung\n- Aufzählung\n- Aufzählung\n- Aufzählung\n- Aufzählung\n\nFazit. Fazit. Fazit.', 'Dies ist ein Fließtext Beispiel. Dies ist ein Fließtext Beispiel. Dies ist ein Fließtext Beispiel. Dies ist ein Fließtext Beispiel. Dies ist ein Fließtext Beispiel. Dies ist ein Fließtext Beispiel. Dies ist ein Fließtext Beispiel. Dies ist ein Fließtext Beispiel. Dies ist ein Fließtext Beispiel. Dies ist ein Fließtext Beispiel. Dies ist ein Fließtext Beispiel. Dies ist ein Fließtext Beispiel.', 11, 10, 11, 'kommentar', '2018-05-29 21:53:19'),
(4, 86, 0, 'Dies ist ein Fließtext Beispiel. Dies ist ein Fließtext Beispiel. Dies ist ein Fließtext Beispiel. Dies ist ein Fließtext Beispiel. Dies ist ein Fließtext Beispiel. Dies ist ein Fließtext Beispiel. Dies ist ein Fließtext Beispiel. Dies ist ein Fließtext Beispiel. Dies ist ein Fließtext Beispiel. Dies ist ein Fließtext Beispiel. Dies ist ein Fließtext Beispiel. Dies ist ein Fließtext Beispiel.', 'Dies ist eine Aufzählung:\n- Aufzählung\n- Aufzählung\n- Aufzählung\n- Aufzählung\n- Aufzählung\n- Aufzählung\n- Aufzählung\n\nFazit. Fazit. Fazit.', 'Bacon ipsum dolor amet jowl sausage doner ground round, turkey meatloaf jerky short ribs leberkas salami pork belly rump fatback chicken venison. Pastrami drumstick pork meatloaf salami, hamburger landjaeger bacon sausage turducken corned beef.', 6, 11, 7, 'kommentar', '2018-05-29 21:53:19'),
(5, 2, 0, 'Bacon ipsum dolor amet jowl sausage doner ground round, turkey meatloaf jerky short ribs leberkas salami pork belly rump fatback chicken venison. Pastrami drumstick pork meatloaf salami, hamburger landjaeger bacon sausage turducken corned beef.', 'Dies ist eine Aufzählung:\n- Aufzählung\n- Aufzählung\n- Aufzählung\n- Aufzählung\n- Aufzählung\n- Aufzählung\n- Aufzählung\n\nFazit. Fazit. Fazit.', 'Dies ist ein Fließtext Beispiel. Dies ist ein Fließtext Beispiel. Dies ist ein Fließtext Beispiel. Dies ist ein Fließtext Beispiel. Dies ist ein Fließtext Beispiel. Dies ist ein Fließtext Beispiel. Dies ist ein Fließtext Beispiel. Dies ist ein Fließtext Beispiel. Dies ist ein Fließtext Beispiel. Dies ist ein Fließtext Beispiel. Dies ist ein Fließtext Beispiel. Dies ist ein Fließtext Beispiel.', 11, 4, 3, 'kommentar', '2018-05-29 21:53:19'),
(6, 9, 0, 'Bacon ipsum dolor amet jowl sausage doner ground round, turkey meatloaf jerky short ribs leberkas salami pork belly rump fatback chicken venison. Pastrami drumstick pork meatloaf salami, hamburger landjaeger bacon sausage turducken corned beef.', 'Bacon ipsum dolor amet jowl sausage doner ground round, turkey meatloaf jerky short ribs leberkas salami pork belly rump fatback chicken venison. Pastrami drumstick pork meatloaf salami, hamburger landjaeger bacon sausage turducken corned beef.', 'Dies ist ein Fließtext Beispiel. Dies ist ein Fließtext Beispiel. Dies ist ein Fließtext Beispiel. Dies ist ein Fließtext Beispiel. Dies ist ein Fließtext Beispiel. Dies ist ein Fließtext Beispiel. Dies ist ein Fließtext Beispiel. Dies ist ein Fließtext Beispiel. Dies ist ein Fließtext Beispiel. Dies ist ein Fließtext Beispiel. Dies ist ein Fließtext Beispiel. Dies ist ein Fließtext Beispiel.', 11, 10, 7, 'kommentar', '2018-05-29 21:53:19'),
(7, 81, 0, 'Bacon ipsum dolor amet jowl sausage doner ground round, turkey meatloaf jerky short ribs leberkas salami pork belly rump fatback chicken venison. Pastrami drumstick pork meatloaf salami, hamburger landjaeger bacon sausage turducken corned beef.', 'Dies ist eine Aufzählung:\n- Aufzählung\n- Aufzählung\n- Aufzählung\n- Aufzählung\n- Aufzählung\n- Aufzählung\n- Aufzählung\n\nFazit. Fazit. Fazit.', 'Dies ist eine Aufzählung:\n- Aufzählung\n- Aufzählung\n- Aufzählung\n- Aufzählung\n- Aufzählung\n- Aufzählung\n- Aufzählung\n\nFazit. Fazit. Fazit.', 9, 9, 4, 'kommentar', '2018-05-29 21:53:19'),
(8, 30, 0, 'Dies ist eine Aufzählung:\n- Aufzählung\n- Aufzählung\n- Aufzählung\n- Aufzählung\n- Aufzählung\n- Aufzählung\n- Aufzählung\n\nFazit. Fazit. Fazit.', 'Dies ist eine Aufzählung:\n- Aufzählung\n- Aufzählung\n- Aufzählung\n- Aufzählung\n- Aufzählung\n- Aufzählung\n- Aufzählung\n\nFazit. Fazit. Fazit.', 'Bacon ipsum dolor amet jowl sausage doner ground round, turkey meatloaf jerky short ribs leberkas salami pork belly rump fatback chicken venison. Pastrami drumstick pork meatloaf salami, hamburger landjaeger bacon sausage turducken corned beef.', 8, 2, 5, 'kommentar', '2018-05-29 21:53:19'),
(9, 85, 0, 'Dies ist eine Aufzählung:\n- Aufzählung\n- Aufzählung\n- Aufzählung\n- Aufzählung\n- Aufzählung\n- Aufzählung\n- Aufzählung\n\nFazit. Fazit. Fazit.', 'Dies ist ein Fließtext Beispiel. Dies ist ein Fließtext Beispiel. Dies ist ein Fließtext Beispiel. Dies ist ein Fließtext Beispiel. Dies ist ein Fließtext Beispiel. Dies ist ein Fließtext Beispiel. Dies ist ein Fließtext Beispiel. Dies ist ein Fließtext Beispiel. Dies ist ein Fließtext Beispiel. Dies ist ein Fließtext Beispiel. Dies ist ein Fließtext Beispiel. Dies ist ein Fließtext Beispiel.', 'Dies ist ein Fließtext Beispiel. Dies ist ein Fließtext Beispiel. Dies ist ein Fließtext Beispiel. Dies ist ein Fließtext Beispiel. Dies ist ein Fließtext Beispiel. Dies ist ein Fließtext Beispiel. Dies ist ein Fließtext Beispiel. Dies ist ein Fließtext Beispiel. Dies ist ein Fließtext Beispiel. Dies ist ein Fließtext Beispiel. Dies ist ein Fließtext Beispiel. Dies ist ein Fließtext Beispiel.', 8, 11, 3, 'kommentar', '2018-05-29 21:53:19'),
(10, 95, 0, 'Dies ist eine Aufzählung:\n- Aufzählung\n- Aufzählung\n- Aufzählung\n- Aufzählung\n- Aufzählung\n- Aufzählung\n- Aufzählung\n\nFazit. Fazit. Fazit.', 'Dies ist ein Fließtext Beispiel. Dies ist ein Fließtext Beispiel. Dies ist ein Fließtext Beispiel. Dies ist ein Fließtext Beispiel. Dies ist ein Fließtext Beispiel. Dies ist ein Fließtext Beispiel. Dies ist ein Fließtext Beispiel. Dies ist ein Fließtext Beispiel. Dies ist ein Fließtext Beispiel. Dies ist ein Fließtext Beispiel. Dies ist ein Fließtext Beispiel. Dies ist ein Fließtext Beispiel.', 'Dies ist ein Fließtext Beispiel. Dies ist ein Fließtext Beispiel. Dies ist ein Fließtext Beispiel. Dies ist ein Fließtext Beispiel. Dies ist ein Fließtext Beispiel. Dies ist ein Fließtext Beispiel. Dies ist ein Fließtext Beispiel. Dies ist ein Fließtext Beispiel. Dies ist ein Fließtext Beispiel. Dies ist ein Fließtext Beispiel. Dies ist ein Fließtext Beispiel. Dies ist ein Fließtext Beispiel.', 9, 3, 5, 'kommentar', '2018-05-29 21:53:19'),
(11, 77, 0, 'Dies ist eine Aufzählung:\n- Aufzählung\n- Aufzählung\n- Aufzählung\n- Aufzählung\n- Aufzählung\n- Aufzählung\n- Aufzählung\n\nFazit. Fazit. Fazit.', 'Dies ist ein Fließtext Beispiel. Dies ist ein Fließtext Beispiel. Dies ist ein Fließtext Beispiel. Dies ist ein Fließtext Beispiel. Dies ist ein Fließtext Beispiel. Dies ist ein Fließtext Beispiel. Dies ist ein Fließtext Beispiel. Dies ist ein Fließtext Beispiel. Dies ist ein Fließtext Beispiel. Dies ist ein Fließtext Beispiel. Dies ist ein Fließtext Beispiel. Dies ist ein Fließtext Beispiel.', 'Dies ist ein Fließtext Beispiel. Dies ist ein Fließtext Beispiel. Dies ist ein Fließtext Beispiel. Dies ist ein Fließtext Beispiel. Dies ist ein Fließtext Beispiel. Dies ist ein Fließtext Beispiel. Dies ist ein Fließtext Beispiel. Dies ist ein Fließtext Beispiel. Dies ist ein Fließtext Beispiel. Dies ist ein Fließtext Beispiel. Dies ist ein Fließtext Beispiel. Dies ist ein Fließtext Beispiel.', 6, 5, 12, 'kommentar', '2018-05-29 21:53:19'),
(12, 4, 0, 'Bacon ipsum dolor amet jowl sausage doner ground round, turkey meatloaf jerky short ribs leberkas salami pork belly rump fatback chicken venison. Pastrami drumstick pork meatloaf salami, hamburger landjaeger bacon sausage turducken corned beef.', 'Bacon ipsum dolor amet jowl sausage doner ground round, turkey meatloaf jerky short ribs leberkas salami pork belly rump fatback chicken venison. Pastrami drumstick pork meatloaf salami, hamburger landjaeger bacon sausage turducken corned beef.', 'Bacon ipsum dolor amet jowl sausage doner ground round, turkey meatloaf jerky short ribs leberkas salami pork belly rump fatback chicken venison. Pastrami drumstick pork meatloaf salami, hamburger landjaeger bacon sausage turducken corned beef.', 11, 10, 4, 'kommentar', '2018-05-29 21:53:19'),
(13, 4, 1, 'Bacon ipsum dolor amet jowl sausage doner ground round, turkey meatloaf jerky short ribs leberkas salami pork belly rump fatback chicken venison. Pastrami drumstick pork meatloaf salami, hamburger landjaeger bacon sausage turducken corned beef.', 'Bacon ipsum dolor amet jowl sausage doner ground round, turkey meatloaf jerky short ribs leberkas salami pork belly rump fatback chicken venison. Pastrami drumstick pork meatloaf salami, hamburger landjaeger bacon sausage turducken corned beef.', 'Dies ist eine Aufzählung:\n- Aufzählung\n- Aufzählung\n- Aufzählung\n- Aufzählung\n- Aufzählung\n- Aufzählung\n- Aufzählung\n\nFazit. Fazit. Fazit.', 12, 11, 5, 'kommentar', '2018-05-29 21:53:19'),
(14, 38, 0, 'Dies ist ein Fließtext Beispiel. Dies ist ein Fließtext Beispiel. Dies ist ein Fließtext Beispiel. Dies ist ein Fließtext Beispiel. Dies ist ein Fließtext Beispiel. Dies ist ein Fließtext Beispiel. Dies ist ein Fließtext Beispiel. Dies ist ein Fließtext Beispiel. Dies ist ein Fließtext Beispiel. Dies ist ein Fließtext Beispiel. Dies ist ein Fließtext Beispiel. Dies ist ein Fließtext Beispiel.', 'Bacon ipsum dolor amet jowl sausage doner ground round, turkey meatloaf jerky short ribs leberkas salami pork belly rump fatback chicken venison. Pastrami drumstick pork meatloaf salami, hamburger landjaeger bacon sausage turducken corned beef.', 'Dies ist eine Aufzählung:\n- Aufzählung\n- Aufzählung\n- Aufzählung\n- Aufzählung\n- Aufzählung\n- Aufzählung\n- Aufzählung\n\nFazit. Fazit. Fazit.', 2, 8, 5, 'kommentar', '2018-05-29 21:53:19'),
(15, 32, 0, 'Dies ist eine Aufzählung:\n- Aufzählung\n- Aufzählung\n- Aufzählung\n- Aufzählung\n- Aufzählung\n- Aufzählung\n- Aufzählung\n\nFazit. Fazit. Fazit.', 'Dies ist eine Aufzählung:\n- Aufzählung\n- Aufzählung\n- Aufzählung\n- Aufzählung\n- Aufzählung\n- Aufzählung\n- Aufzählung\n\nFazit. Fazit. Fazit.', 'Dies ist eine Aufzählung:\n- Aufzählung\n- Aufzählung\n- Aufzählung\n- Aufzählung\n- Aufzählung\n- Aufzählung\n- Aufzählung\n\nFazit. Fazit. Fazit.', 3, 6, 7, 'kommentar', '2018-05-29 21:53:19'),
(16, 61, 0, 'Bacon ipsum dolor amet jowl sausage doner ground round, turkey meatloaf jerky short ribs leberkas salami pork belly rump fatback chicken venison. Pastrami drumstick pork meatloaf salami, hamburger landjaeger bacon sausage turducken corned beef.', 'Bacon ipsum dolor amet jowl sausage doner ground round, turkey meatloaf jerky short ribs leberkas salami pork belly rump fatback chicken venison. Pastrami drumstick pork meatloaf salami, hamburger landjaeger bacon sausage turducken corned beef.', 'Dies ist eine Aufzählung:\n- Aufzählung\n- Aufzählung\n- Aufzählung\n- Aufzählung\n- Aufzählung\n- Aufzählung\n- Aufzählung\n\nFazit. Fazit. Fazit.', 6, 9, 2, 'kommentar', '2018-05-29 21:53:19'),
(17, 40, 0, 'Bacon ipsum dolor amet jowl sausage doner ground round, turkey meatloaf jerky short ribs leberkas salami pork belly rump fatback chicken venison. Pastrami drumstick pork meatloaf salami, hamburger landjaeger bacon sausage turducken corned beef.', 'Dies ist eine Aufzählung:\n- Aufzählung\n- Aufzählung\n- Aufzählung\n- Aufzählung\n- Aufzählung\n- Aufzählung\n- Aufzählung\n\nFazit. Fazit. Fazit.', 'Bacon ipsum dolor amet jowl sausage doner ground round, turkey meatloaf jerky short ribs leberkas salami pork belly rump fatback chicken venison. Pastrami drumstick pork meatloaf salami, hamburger landjaeger bacon sausage turducken corned beef.', 2, 7, 6, 'kommentar', '2018-05-29 21:53:19'),
(18, 51, 0, 'Dies ist eine Aufzählung:\n- Aufzählung\n- Aufzählung\n- Aufzählung\n- Aufzählung\n- Aufzählung\n- Aufzählung\n- Aufzählung\n\nFazit. Fazit. Fazit.', 'Bacon ipsum dolor amet jowl sausage doner ground round, turkey meatloaf jerky short ribs leberkas salami pork belly rump fatback chicken venison. Pastrami drumstick pork meatloaf salami, hamburger landjaeger bacon sausage turducken corned beef.', 'Bacon ipsum dolor amet jowl sausage doner ground round, turkey meatloaf jerky short ribs leberkas salami pork belly rump fatback chicken venison. Pastrami drumstick pork meatloaf salami, hamburger landjaeger bacon sausage turducken corned beef.', 5, 9, 2, 'kommentar', '2018-05-29 21:53:19'),
(19, 73, 0, 'Dies ist eine Aufzählung:\n- Aufzählung\n- Aufzählung\n- Aufzählung\n- Aufzählung\n- Aufzählung\n- Aufzählung\n- Aufzählung\n\nFazit. Fazit. Fazit.', 'Bacon ipsum dolor amet jowl sausage doner ground round, turkey meatloaf jerky short ribs leberkas salami pork belly rump fatback chicken venison. Pastrami drumstick pork meatloaf salami, hamburger landjaeger bacon sausage turducken corned beef.', 'Dies ist eine Aufzählung:\n- Aufzählung\n- Aufzählung\n- Aufzählung\n- Aufzählung\n- Aufzählung\n- Aufzählung\n- Aufzählung\n\nFazit. Fazit. Fazit.', 11, 4, 5, 'kommentar', '2018-05-29 21:53:19'),
(20, 38, 1, 'Dies ist ein Fließtext Beispiel. Dies ist ein Fließtext Beispiel. Dies ist ein Fließtext Beispiel. Dies ist ein Fließtext Beispiel. Dies ist ein Fließtext Beispiel. Dies ist ein Fließtext Beispiel. Dies ist ein Fließtext Beispiel. Dies ist ein Fließtext Beispiel. Dies ist ein Fließtext Beispiel. Dies ist ein Fließtext Beispiel. Dies ist ein Fließtext Beispiel. Dies ist ein Fließtext Beispiel.', 'Bacon ipsum dolor amet jowl sausage doner ground round, turkey meatloaf jerky short ribs leberkas salami pork belly rump fatback chicken venison. Pastrami drumstick pork meatloaf salami, hamburger landjaeger bacon sausage turducken corned beef.', 'Dies ist eine Aufzählung:\n- Aufzählung\n- Aufzählung\n- Aufzählung\n- Aufzählung\n- Aufzählung\n- Aufzählung\n- Aufzählung\n\nFazit. Fazit. Fazit.', 3, 9, 6, 'kommentar', '2018-05-29 21:53:19'),
(21, 95, 1, 'Bacon ipsum dolor amet jowl sausage doner ground round, turkey meatloaf jerky short ribs leberkas salami pork belly rump fatback chicken venison. Pastrami drumstick pork meatloaf salami, hamburger landjaeger bacon sausage turducken corned beef.', 'Dies ist eine Aufzählung:\n- Aufzählung\n- Aufzählung\n- Aufzählung\n- Aufzählung\n- Aufzählung\n- Aufzählung\n- Aufzählung\n\nFazit. Fazit. Fazit.', 'Bacon ipsum dolor amet jowl sausage doner ground round, turkey meatloaf jerky short ribs leberkas salami pork belly rump fatback chicken venison. Pastrami drumstick pork meatloaf salami, hamburger landjaeger bacon sausage turducken corned beef.', 10, 4, 6, 'kommentar', '2018-05-29 21:53:19'),
(22, 13, 0, 'Dies ist ein Fließtext Beispiel. Dies ist ein Fließtext Beispiel. Dies ist ein Fließtext Beispiel. Dies ist ein Fließtext Beispiel. Dies ist ein Fließtext Beispiel. Dies ist ein Fließtext Beispiel. Dies ist ein Fließtext Beispiel. Dies ist ein Fließtext Beispiel. Dies ist ein Fließtext Beispiel. Dies ist ein Fließtext Beispiel. Dies ist ein Fließtext Beispiel. Dies ist ein Fließtext Beispiel.', 'Bacon ipsum dolor amet jowl sausage doner ground round, turkey meatloaf jerky short ribs leberkas salami pork belly rump fatback chicken venison. Pastrami drumstick pork meatloaf salami, hamburger landjaeger bacon sausage turducken corned beef.', 'Dies ist ein Fließtext Beispiel. Dies ist ein Fließtext Beispiel. Dies ist ein Fließtext Beispiel. Dies ist ein Fließtext Beispiel. Dies ist ein Fließtext Beispiel. Dies ist ein Fließtext Beispiel. Dies ist ein Fließtext Beispiel. Dies ist ein Fließtext Beispiel. Dies ist ein Fließtext Beispiel. Dies ist ein Fließtext Beispiel. Dies ist ein Fließtext Beispiel. Dies ist ein Fließtext Beispiel.', 2, 10, 2, 'kommentar', '2018-05-29 21:53:19'),
(23, 72, 0, 'Dies ist ein Fließtext Beispiel. Dies ist ein Fließtext Beispiel. Dies ist ein Fließtext Beispiel. Dies ist ein Fließtext Beispiel. Dies ist ein Fließtext Beispiel. Dies ist ein Fließtext Beispiel. Dies ist ein Fließtext Beispiel. Dies ist ein Fließtext Beispiel. Dies ist ein Fließtext Beispiel. Dies ist ein Fließtext Beispiel. Dies ist ein Fließtext Beispiel. Dies ist ein Fließtext Beispiel.', 'Bacon ipsum dolor amet jowl sausage doner ground round, turkey meatloaf jerky short ribs leberkas salami pork belly rump fatback chicken venison. Pastrami drumstick pork meatloaf salami, hamburger landjaeger bacon sausage turducken corned beef.', 'Dies ist eine Aufzählung:\n- Aufzählung\n- Aufzählung\n- Aufzählung\n- Aufzählung\n- Aufzählung\n- Aufzählung\n- Aufzählung\n\nFazit. Fazit. Fazit.', 10, 7, 1, 'kommentar', '2018-05-29 21:53:19'),
(24, 66, 0, 'Bacon ipsum dolor amet jowl sausage doner ground round, turkey meatloaf jerky short ribs leberkas salami pork belly rump fatback chicken venison. Pastrami drumstick pork meatloaf salami, hamburger landjaeger bacon sausage turducken corned beef.', 'Dies ist ein Fließtext Beispiel. Dies ist ein Fließtext Beispiel. Dies ist ein Fließtext Beispiel. Dies ist ein Fließtext Beispiel. Dies ist ein Fließtext Beispiel. Dies ist ein Fließtext Beispiel. Dies ist ein Fließtext Beispiel. Dies ist ein Fließtext Beispiel. Dies ist ein Fließtext Beispiel. Dies ist ein Fließtext Beispiel. Dies ist ein Fließtext Beispiel. Dies ist ein Fließtext Beispiel.', 'Dies ist eine Aufzählung:\n- Aufzählung\n- Aufzählung\n- Aufzählung\n- Aufzählung\n- Aufzählung\n- Aufzählung\n- Aufzählung\n\nFazit. Fazit. Fazit.', 10, 7, 5, 'kommentar', '2018-05-29 21:53:19'),
(25, 11, 0, 'Dies ist ein Fließtext Beispiel. Dies ist ein Fließtext Beispiel. Dies ist ein Fließtext Beispiel. Dies ist ein Fließtext Beispiel. Dies ist ein Fließtext Beispiel. Dies ist ein Fließtext Beispiel. Dies ist ein Fließtext Beispiel. Dies ist ein Fließtext Beispiel. Dies ist ein Fließtext Beispiel. Dies ist ein Fließtext Beispiel. Dies ist ein Fließtext Beispiel. Dies ist ein Fließtext Beispiel.', 'Dies ist eine Aufzählung:\n- Aufzählung\n- Aufzählung\n- Aufzählung\n- Aufzählung\n- Aufzählung\n- Aufzählung\n- Aufzählung\n\nFazit. Fazit. Fazit.', 'Bacon ipsum dolor amet jowl sausage doner ground round, turkey meatloaf jerky short ribs leberkas salami pork belly rump fatback chicken venison. Pastrami drumstick pork meatloaf salami, hamburger landjaeger bacon sausage turducken corned beef.', 11, 9, 3, 'kommentar', '2018-05-29 21:53:19'),
(26, 51, 1, 'Bacon ipsum dolor amet jowl sausage doner ground round, turkey meatloaf jerky short ribs leberkas salami pork belly rump fatback chicken venison. Pastrami drumstick pork meatloaf salami, hamburger landjaeger bacon sausage turducken corned beef.', 'Dies ist eine Aufzählung:\n- Aufzählung\n- Aufzählung\n- Aufzählung\n- Aufzählung\n- Aufzählung\n- Aufzählung\n- Aufzählung\n\nFazit. Fazit. Fazit.', 'Bacon ipsum dolor amet jowl sausage doner ground round, turkey meatloaf jerky short ribs leberkas salami pork belly rump fatback chicken venison. Pastrami drumstick pork meatloaf salami, hamburger landjaeger bacon sausage turducken corned beef.', 6, 10, 3, 'kommentar', '2018-05-29 21:53:19'),
(27, 61, 1, 'Dies ist ein Fließtext Beispiel. Dies ist ein Fließtext Beispiel. Dies ist ein Fließtext Beispiel. Dies ist ein Fließtext Beispiel. Dies ist ein Fließtext Beispiel. Dies ist ein Fließtext Beispiel. Dies ist ein Fließtext Beispiel. Dies ist ein Fließtext Beispiel. Dies ist ein Fließtext Beispiel. Dies ist ein Fließtext Beispiel. Dies ist ein Fließtext Beispiel. Dies ist ein Fließtext Beispiel.', 'Dies ist ein Fließtext Beispiel. Dies ist ein Fließtext Beispiel. Dies ist ein Fließtext Beispiel. Dies ist ein Fließtext Beispiel. Dies ist ein Fließtext Beispiel. Dies ist ein Fließtext Beispiel. Dies ist ein Fließtext Beispiel. Dies ist ein Fließtext Beispiel. Dies ist ein Fließtext Beispiel. Dies ist ein Fließtext Beispiel. Dies ist ein Fließtext Beispiel. Dies ist ein Fließtext Beispiel.', 'Dies ist ein Fließtext Beispiel. Dies ist ein Fließtext Beispiel. Dies ist ein Fließtext Beispiel. Dies ist ein Fließtext Beispiel. Dies ist ein Fließtext Beispiel. Dies ist ein Fließtext Beispiel. Dies ist ein Fließtext Beispiel. Dies ist ein Fließtext Beispiel. Dies ist ein Fließtext Beispiel. Dies ist ein Fließtext Beispiel. Dies ist ein Fließtext Beispiel. Dies ist ein Fließtext Beispiel.', 7, 10, 3, 'kommentar', '2018-05-29 21:53:19'),
(28, 21, 0, 'Dies ist eine Aufzählung:\n- Aufzählung\n- Aufzählung\n- Aufzählung\n- Aufzählung\n- Aufzählung\n- Aufzählung\n- Aufzählung\n\nFazit. Fazit. Fazit.', 'Dies ist ein Fließtext Beispiel. Dies ist ein Fließtext Beispiel. Dies ist ein Fließtext Beispiel. Dies ist ein Fließtext Beispiel. Dies ist ein Fließtext Beispiel. Dies ist ein Fließtext Beispiel. Dies ist ein Fließtext Beispiel. Dies ist ein Fließtext Beispiel. Dies ist ein Fließtext Beispiel. Dies ist ein Fließtext Beispiel. Dies ist ein Fließtext Beispiel. Dies ist ein Fließtext Beispiel.', 'Dies ist ein Fließtext Beispiel. Dies ist ein Fließtext Beispiel. Dies ist ein Fließtext Beispiel. Dies ist ein Fließtext Beispiel. Dies ist ein Fließtext Beispiel. Dies ist ein Fließtext Beispiel. Dies ist ein Fließtext Beispiel. Dies ist ein Fließtext Beispiel. Dies ist ein Fließtext Beispiel. Dies ist ein Fließtext Beispiel. Dies ist ein Fließtext Beispiel. Dies ist ein Fließtext Beispiel.', 3, 8, 11, 'kommentar', '2018-05-29 21:53:19'),
(29, 83, 0, 'Bacon ipsum dolor amet jowl sausage doner ground round, turkey meatloaf jerky short ribs leberkas salami pork belly rump fatback chicken venison. Pastrami drumstick pork meatloaf salami, hamburger landjaeger bacon sausage turducken corned beef.', 'Bacon ipsum dolor amet jowl sausage doner ground round, turkey meatloaf jerky short ribs leberkas salami pork belly rump fatback chicken venison. Pastrami drumstick pork meatloaf salami, hamburger landjaeger bacon sausage turducken corned beef.', 'Dies ist eine Aufzählung:\n- Aufzählung\n- Aufzählung\n- Aufzählung\n- Aufzählung\n- Aufzählung\n- Aufzählung\n- Aufzählung\n\nFazit. Fazit. Fazit.', 11, 11, 3, 'kommentar', '2018-05-29 21:53:19'),
(30, 39, 0, 'Dies ist ein Fließtext Beispiel. Dies ist ein Fließtext Beispiel. Dies ist ein Fließtext Beispiel. Dies ist ein Fließtext Beispiel. Dies ist ein Fließtext Beispiel. Dies ist ein Fließtext Beispiel. Dies ist ein Fließtext Beispiel. Dies ist ein Fließtext Beispiel. Dies ist ein Fließtext Beispiel. Dies ist ein Fließtext Beispiel. Dies ist ein Fließtext Beispiel. Dies ist ein Fließtext Beispiel.', 'Bacon ipsum dolor amet jowl sausage doner ground round, turkey meatloaf jerky short ribs leberkas salami pork belly rump fatback chicken venison. Pastrami drumstick pork meatloaf salami, hamburger landjaeger bacon sausage turducken corned beef.', 'Bacon ipsum dolor amet jowl sausage doner ground round, turkey meatloaf jerky short ribs leberkas salami pork belly rump fatback chicken venison. Pastrami drumstick pork meatloaf salami, hamburger landjaeger bacon sausage turducken corned beef.', 9, 4, 9, 'kommentar', '2018-05-29 21:53:19'),
(31, 45, 0, 'Dies ist ein Fließtext Beispiel. Dies ist ein Fließtext Beispiel. Dies ist ein Fließtext Beispiel. Dies ist ein Fließtext Beispiel. Dies ist ein Fließtext Beispiel. Dies ist ein Fließtext Beispiel. Dies ist ein Fließtext Beispiel. Dies ist ein Fließtext Beispiel. Dies ist ein Fließtext Beispiel. Dies ist ein Fließtext Beispiel. Dies ist ein Fließtext Beispiel. Dies ist ein Fließtext Beispiel.', 'Dies ist ein Fließtext Beispiel. Dies ist ein Fließtext Beispiel. Dies ist ein Fließtext Beispiel. Dies ist ein Fließtext Beispiel. Dies ist ein Fließtext Beispiel. Dies ist ein Fließtext Beispiel. Dies ist ein Fließtext Beispiel. Dies ist ein Fließtext Beispiel. Dies ist ein Fließtext Beispiel. Dies ist ein Fließtext Beispiel. Dies ist ein Fließtext Beispiel. Dies ist ein Fließtext Beispiel.', 'Dies ist eine Aufzählung:\n- Aufzählung\n- Aufzählung\n- Aufzählung\n- Aufzählung\n- Aufzählung\n- Aufzählung\n- Aufzählung\n\nFazit. Fazit. Fazit.', 5, 4, 6, 'kommentar', '2018-05-29 21:53:19'),
(32, 87, 0, 'Dies ist ein Fließtext Beispiel. Dies ist ein Fließtext Beispiel. Dies ist ein Fließtext Beispiel. Dies ist ein Fließtext Beispiel. Dies ist ein Fließtext Beispiel. Dies ist ein Fließtext Beispiel. Dies ist ein Fließtext Beispiel. Dies ist ein Fließtext Beispiel. Dies ist ein Fließtext Beispiel. Dies ist ein Fließtext Beispiel. Dies ist ein Fließtext Beispiel. Dies ist ein Fließtext Beispiel.', 'Dies ist ein Fließtext Beispiel. Dies ist ein Fließtext Beispiel. Dies ist ein Fließtext Beispiel. Dies ist ein Fließtext Beispiel. Dies ist ein Fließtext Beispiel. Dies ist ein Fließtext Beispiel. Dies ist ein Fließtext Beispiel. Dies ist ein Fließtext Beispiel. Dies ist ein Fließtext Beispiel. Dies ist ein Fließtext Beispiel. Dies ist ein Fließtext Beispiel. Dies ist ein Fließtext Beispiel.', 'Dies ist eine Aufzählung:\n- Aufzählung\n- Aufzählung\n- Aufzählung\n- Aufzählung\n- Aufzählung\n- Aufzählung\n- Aufzählung\n\nFazit. Fazit. Fazit.', 4, 10, 8, 'kommentar', '2018-05-29 21:53:19'),
(33, 99, 1, 'Dies ist ein Fließtext Beispiel. Dies ist ein Fließtext Beispiel. Dies ist ein Fließtext Beispiel. Dies ist ein Fließtext Beispiel. Dies ist ein Fließtext Beispiel. Dies ist ein Fließtext Beispiel. Dies ist ein Fließtext Beispiel. Dies ist ein Fließtext Beispiel. Dies ist ein Fließtext Beispiel. Dies ist ein Fließtext Beispiel. Dies ist ein Fließtext Beispiel. Dies ist ein Fließtext Beispiel.', 'Bacon ipsum dolor amet jowl sausage doner ground round, turkey meatloaf jerky short ribs leberkas salami pork belly rump fatback chicken venison. Pastrami drumstick pork meatloaf salami, hamburger landjaeger bacon sausage turducken corned beef.', 'Dies ist eine Aufzählung:\n- Aufzählung\n- Aufzählung\n- Aufzählung\n- Aufzählung\n- Aufzählung\n- Aufzählung\n- Aufzählung\n\nFazit. Fazit. Fazit.', 9, 13, 5, 'kommentar', '2018-05-29 21:53:19'),
(34, 49, 0, 'Dies ist ein Fließtext Beispiel. Dies ist ein Fließtext Beispiel. Dies ist ein Fließtext Beispiel. Dies ist ein Fließtext Beispiel. Dies ist ein Fließtext Beispiel. Dies ist ein Fließtext Beispiel. Dies ist ein Fließtext Beispiel. Dies ist ein Fließtext Beispiel. Dies ist ein Fließtext Beispiel. Dies ist ein Fließtext Beispiel. Dies ist ein Fließtext Beispiel. Dies ist ein Fließtext Beispiel.', 'Bacon ipsum dolor amet jowl sausage doner ground round, turkey meatloaf jerky short ribs leberkas salami pork belly rump fatback chicken venison. Pastrami drumstick pork meatloaf salami, hamburger landjaeger bacon sausage turducken corned beef.', 'Bacon ipsum dolor amet jowl sausage doner ground round, turkey meatloaf jerky short ribs leberkas salami pork belly rump fatback chicken venison. Pastrami drumstick pork meatloaf salami, hamburger landjaeger bacon sausage turducken corned beef.', 10, 8, 2, 'kommentar', '2018-05-29 21:53:19'),
(35, 10, 0, 'Bacon ipsum dolor amet jowl sausage doner ground round, turkey meatloaf jerky short ribs leberkas salami pork belly rump fatback chicken venison. Pastrami drumstick pork meatloaf salami, hamburger landjaeger bacon sausage turducken corned beef.', 'Bacon ipsum dolor amet jowl sausage doner ground round, turkey meatloaf jerky short ribs leberkas salami pork belly rump fatback chicken venison. Pastrami drumstick pork meatloaf salami, hamburger landjaeger bacon sausage turducken corned beef.', 'Dies ist ein Fließtext Beispiel. Dies ist ein Fließtext Beispiel. Dies ist ein Fließtext Beispiel. Dies ist ein Fließtext Beispiel. Dies ist ein Fließtext Beispiel. Dies ist ein Fließtext Beispiel. Dies ist ein Fließtext Beispiel. Dies ist ein Fließtext Beispiel. Dies ist ein Fließtext Beispiel. Dies ist ein Fließtext Beispiel. Dies ist ein Fließtext Beispiel. Dies ist ein Fließtext Beispiel.', 3, 10, 7, 'kommentar', '2018-05-29 21:53:19'),
(36, 8, 0, 'Dies ist eine Aufzählung:\n- Aufzählung\n- Aufzählung\n- Aufzählung\n- Aufzählung\n- Aufzählung\n- Aufzählung\n- Aufzählung\n\nFazit. Fazit. Fazit.', 'Dies ist ein Fließtext Beispiel. Dies ist ein Fließtext Beispiel. Dies ist ein Fließtext Beispiel. Dies ist ein Fließtext Beispiel. Dies ist ein Fließtext Beispiel. Dies ist ein Fließtext Beispiel. Dies ist ein Fließtext Beispiel. Dies ist ein Fließtext Beispiel. Dies ist ein Fließtext Beispiel. Dies ist ein Fließtext Beispiel. Dies ist ein Fließtext Beispiel. Dies ist ein Fließtext Beispiel.', 'Dies ist eine Aufzählung:\n- Aufzählung\n- Aufzählung\n- Aufzählung\n- Aufzählung\n- Aufzählung\n- Aufzählung\n- Aufzählung\n\nFazit. Fazit. Fazit.', 10, 10, 9, 'kommentar', '2018-05-29 21:53:19'),
(37, 71, 0, 'Bacon ipsum dolor amet jowl sausage doner ground round, turkey meatloaf jerky short ribs leberkas salami pork belly rump fatback chicken venison. Pastrami drumstick pork meatloaf salami, hamburger landjaeger bacon sausage turducken corned beef.', 'Dies ist ein Fließtext Beispiel. Dies ist ein Fließtext Beispiel. Dies ist ein Fließtext Beispiel. Dies ist ein Fließtext Beispiel. Dies ist ein Fließtext Beispiel. Dies ist ein Fließtext Beispiel. Dies ist ein Fließtext Beispiel. Dies ist ein Fließtext Beispiel. Dies ist ein Fließtext Beispiel. Dies ist ein Fließtext Beispiel. Dies ist ein Fließtext Beispiel. Dies ist ein Fließtext Beispiel.', 'Dies ist eine Aufzählung:\n- Aufzählung\n- Aufzählung\n- Aufzählung\n- Aufzählung\n- Aufzählung\n- Aufzählung\n- Aufzählung\n\nFazit. Fazit. Fazit.', 1, 8, 10, 'kommentar', '2018-05-29 21:53:19'),
(38, 35, 0, 'Dies ist ein Fließtext Beispiel. Dies ist ein Fließtext Beispiel. Dies ist ein Fließtext Beispiel. Dies ist ein Fließtext Beispiel. Dies ist ein Fließtext Beispiel. Dies ist ein Fließtext Beispiel. Dies ist ein Fließtext Beispiel. Dies ist ein Fließtext Beispiel. Dies ist ein Fließtext Beispiel. Dies ist ein Fließtext Beispiel. Dies ist ein Fließtext Beispiel. Dies ist ein Fließtext Beispiel.', 'Dies ist eine Aufzählung:\n- Aufzählung\n- Aufzählung\n- Aufzählung\n- Aufzählung\n- Aufzählung\n- Aufzählung\n- Aufzählung\n\nFazit. Fazit. Fazit.', 'Bacon ipsum dolor amet jowl sausage doner ground round, turkey meatloaf jerky short ribs leberkas salami pork belly rump fatback chicken venison. Pastrami drumstick pork meatloaf salami, hamburger landjaeger bacon sausage turducken corned beef.', 9, 5, 8, 'kommentar', '2018-05-29 21:53:19'),
(39, 50, 0, 'Dies ist eine Aufzählung:\n- Aufzählung\n- Aufzählung\n- Aufzählung\n- Aufzählung\n- Aufzählung\n- Aufzählung\n- Aufzählung\n\nFazit. Fazit. Fazit.', 'Dies ist ein Fließtext Beispiel. Dies ist ein Fließtext Beispiel. Dies ist ein Fließtext Beispiel. Dies ist ein Fließtext Beispiel. Dies ist ein Fließtext Beispiel. Dies ist ein Fließtext Beispiel. Dies ist ein Fließtext Beispiel. Dies ist ein Fließtext Beispiel. Dies ist ein Fließtext Beispiel. Dies ist ein Fließtext Beispiel. Dies ist ein Fließtext Beispiel. Dies ist ein Fließtext Beispiel.', 'Bacon ipsum dolor amet jowl sausage doner ground round, turkey meatloaf jerky short ribs leberkas salami pork belly rump fatback chicken venison. Pastrami drumstick pork meatloaf salami, hamburger landjaeger bacon sausage turducken corned beef.', 9, 12, 6, 'kommentar', '2018-05-29 21:53:19'),
(40, 48, 0, 'Bacon ipsum dolor amet jowl sausage doner ground round, turkey meatloaf jerky short ribs leberkas salami pork belly rump fatback chicken venison. Pastrami drumstick pork meatloaf salami, hamburger landjaeger bacon sausage turducken corned beef.', 'Dies ist eine Aufzählung:\n- Aufzählung\n- Aufzählung\n- Aufzählung\n- Aufzählung\n- Aufzählung\n- Aufzählung\n- Aufzählung\n\nFazit. Fazit. Fazit.', 'Dies ist eine Aufzählung:\n- Aufzählung\n- Aufzählung\n- Aufzählung\n- Aufzählung\n- Aufzählung\n- Aufzählung\n- Aufzählung\n\nFazit. Fazit. Fazit.', 12, 8, 2, 'kommentar', '2018-05-29 21:53:19'),
(41, 79, 0, 'Bacon ipsum dolor amet jowl sausage doner ground round, turkey meatloaf jerky short ribs leberkas salami pork belly rump fatback chicken venison. Pastrami drumstick pork meatloaf salami, hamburger landjaeger bacon sausage turducken corned beef.', 'Dies ist eine Aufzählung:\n- Aufzählung\n- Aufzählung\n- Aufzählung\n- Aufzählung\n- Aufzählung\n- Aufzählung\n- Aufzählung\n\nFazit. Fazit. Fazit.', 'Bacon ipsum dolor amet jowl sausage doner ground round, turkey meatloaf jerky short ribs leberkas salami pork belly rump fatback chicken venison. Pastrami drumstick pork meatloaf salami, hamburger landjaeger bacon sausage turducken corned beef.', 6, 6, 12, 'kommentar', '2018-05-29 21:53:19'),
(42, 26, 0, 'Bacon ipsum dolor amet jowl sausage doner ground round, turkey meatloaf jerky short ribs leberkas salami pork belly rump fatback chicken venison. Pastrami drumstick pork meatloaf salami, hamburger landjaeger bacon sausage turducken corned beef.', 'Dies ist eine Aufzählung:\n- Aufzählung\n- Aufzählung\n- Aufzählung\n- Aufzählung\n- Aufzählung\n- Aufzählung\n- Aufzählung\n\nFazit. Fazit. Fazit.', 'Dies ist ein Fließtext Beispiel. Dies ist ein Fließtext Beispiel. Dies ist ein Fließtext Beispiel. Dies ist ein Fließtext Beispiel. Dies ist ein Fließtext Beispiel. Dies ist ein Fließtext Beispiel. Dies ist ein Fließtext Beispiel. Dies ist ein Fließtext Beispiel. Dies ist ein Fließtext Beispiel. Dies ist ein Fließtext Beispiel. Dies ist ein Fließtext Beispiel. Dies ist ein Fließtext Beispiel.', 11, 9, 1, 'kommentar', '2018-05-29 21:53:19'),
(43, 96, 0, 'Bacon ipsum dolor amet jowl sausage doner ground round, turkey meatloaf jerky short ribs leberkas salami pork belly rump fatback chicken venison. Pastrami drumstick pork meatloaf salami, hamburger landjaeger bacon sausage turducken corned beef.', 'Dies ist eine Aufzählung:\n- Aufzählung\n- Aufzählung\n- Aufzählung\n- Aufzählung\n- Aufzählung\n- Aufzählung\n- Aufzählung\n\nFazit. Fazit. Fazit.', 'Bacon ipsum dolor amet jowl sausage doner ground round, turkey meatloaf jerky short ribs leberkas salami pork belly rump fatback chicken venison. Pastrami drumstick pork meatloaf salami, hamburger landjaeger bacon sausage turducken corned beef.', 10, 12, 12, 'kommentar', '2018-05-29 21:53:19'),
(44, 64, 0, 'Dies ist eine Aufzählung:\n- Aufzählung\n- Aufzählung\n- Aufzählung\n- Aufzählung\n- Aufzählung\n- Aufzählung\n- Aufzählung\n\nFazit. Fazit. Fazit.', 'Dies ist eine Aufzählung:\n- Aufzählung\n- Aufzählung\n- Aufzählung\n- Aufzählung\n- Aufzählung\n- Aufzählung\n- Aufzählung\n\nFazit. Fazit. Fazit.', 'Bacon ipsum dolor amet jowl sausage doner ground round, turkey meatloaf jerky short ribs leberkas salami pork belly rump fatback chicken venison. Pastrami drumstick pork meatloaf salami, hamburger landjaeger bacon sausage turducken corned beef.', 3, 7, 6, 'kommentar', '2018-05-29 21:53:19'),
(45, 91, 0, 'Bacon ipsum dolor amet jowl sausage doner ground round, turkey meatloaf jerky short ribs leberkas salami pork belly rump fatback chicken venison. Pastrami drumstick pork meatloaf salami, hamburger landjaeger bacon sausage turducken corned beef.', 'Bacon ipsum dolor amet jowl sausage doner ground round, turkey meatloaf jerky short ribs leberkas salami pork belly rump fatback chicken venison. Pastrami drumstick pork meatloaf salami, hamburger landjaeger bacon sausage turducken corned beef.', 'Dies ist eine Aufzählung:\n- Aufzählung\n- Aufzählung\n- Aufzählung\n- Aufzählung\n- Aufzählung\n- Aufzählung\n- Aufzählung\n\nFazit. Fazit. Fazit.', 5, 12, 7, 'kommentar', '2018-05-29 21:53:19'),
(46, 71, 1, 'Bacon ipsum dolor amet jowl sausage doner ground round, turkey meatloaf jerky short ribs leberkas salami pork belly rump fatback chicken venison. Pastrami drumstick pork meatloaf salami, hamburger landjaeger bacon sausage turducken corned beef.', 'Dies ist eine Aufzählung:\n- Aufzählung\n- Aufzählung\n- Aufzählung\n- Aufzählung\n- Aufzählung\n- Aufzählung\n- Aufzählung\n\nFazit. Fazit. Fazit.', 'Dies ist ein Fließtext Beispiel. Dies ist ein Fließtext Beispiel. Dies ist ein Fließtext Beispiel. Dies ist ein Fließtext Beispiel. Dies ist ein Fließtext Beispiel. Dies ist ein Fließtext Beispiel. Dies ist ein Fließtext Beispiel. Dies ist ein Fließtext Beispiel. Dies ist ein Fließtext Beispiel. Dies ist ein Fließtext Beispiel. Dies ist ein Fließtext Beispiel. Dies ist ein Fließtext Beispiel.', 2, 9, 11, 'kommentar', '2018-05-29 21:53:19'),
(47, 36, 0, 'Dies ist eine Aufzählung:\n- Aufzählung\n- Aufzählung\n- Aufzählung\n- Aufzählung\n- Aufzählung\n- Aufzählung\n- Aufzählung\n\nFazit. Fazit. Fazit.', 'Dies ist ein Fließtext Beispiel. Dies ist ein Fließtext Beispiel. Dies ist ein Fließtext Beispiel. Dies ist ein Fließtext Beispiel. Dies ist ein Fließtext Beispiel. Dies ist ein Fließtext Beispiel. Dies ist ein Fließtext Beispiel. Dies ist ein Fließtext Beispiel. Dies ist ein Fließtext Beispiel. Dies ist ein Fließtext Beispiel. Dies ist ein Fließtext Beispiel. Dies ist ein Fließtext Beispiel.', 'Dies ist ein Fließtext Beispiel. Dies ist ein Fließtext Beispiel. Dies ist ein Fließtext Beispiel. Dies ist ein Fließtext Beispiel. Dies ist ein Fließtext Beispiel. Dies ist ein Fließtext Beispiel. Dies ist ein Fließtext Beispiel. Dies ist ein Fließtext Beispiel. Dies ist ein Fließtext Beispiel. Dies ist ein Fließtext Beispiel. Dies ist ein Fließtext Beispiel. Dies ist ein Fließtext Beispiel.', 3, 8, 5, 'kommentar', '2018-05-29 21:53:19'),
(48, 62, 0, 'Dies ist ein Fließtext Beispiel. Dies ist ein Fließtext Beispiel. Dies ist ein Fließtext Beispiel. Dies ist ein Fließtext Beispiel. Dies ist ein Fließtext Beispiel. Dies ist ein Fließtext Beispiel. Dies ist ein Fließtext Beispiel. Dies ist ein Fließtext Beispiel. Dies ist ein Fließtext Beispiel. Dies ist ein Fließtext Beispiel. Dies ist ein Fließtext Beispiel. Dies ist ein Fließtext Beispiel.', 'Bacon ipsum dolor amet jowl sausage doner ground round, turkey meatloaf jerky short ribs leberkas salami pork belly rump fatback chicken venison. Pastrami drumstick pork meatloaf salami, hamburger landjaeger bacon sausage turducken corned beef.', 'Dies ist ein Fließtext Beispiel. Dies ist ein Fließtext Beispiel. Dies ist ein Fließtext Beispiel. Dies ist ein Fließtext Beispiel. Dies ist ein Fließtext Beispiel. Dies ist ein Fließtext Beispiel. Dies ist ein Fließtext Beispiel. Dies ist ein Fließtext Beispiel. Dies ist ein Fließtext Beispiel. Dies ist ein Fließtext Beispiel. Dies ist ein Fließtext Beispiel. Dies ist ein Fließtext Beispiel.', 2, 5, 2, 'kommentar', '2018-05-29 21:53:19'),
(49, 60, 0, 'Bacon ipsum dolor amet jowl sausage doner ground round, turkey meatloaf jerky short ribs leberkas salami pork belly rump fatback chicken venison. Pastrami drumstick pork meatloaf salami, hamburger landjaeger bacon sausage turducken corned beef.', 'Dies ist ein Fließtext Beispiel. Dies ist ein Fließtext Beispiel. Dies ist ein Fließtext Beispiel. Dies ist ein Fließtext Beispiel. Dies ist ein Fließtext Beispiel. Dies ist ein Fließtext Beispiel. Dies ist ein Fließtext Beispiel. Dies ist ein Fließtext Beispiel. Dies ist ein Fließtext Beispiel. Dies ist ein Fließtext Beispiel. Dies ist ein Fließtext Beispiel. Dies ist ein Fließtext Beispiel.', 'Dies ist eine Aufzählung:\n- Aufzählung\n- Aufzählung\n- Aufzählung\n- Aufzählung\n- Aufzählung\n- Aufzählung\n- Aufzählung\n\nFazit. Fazit. Fazit.', 1, 4, 11, 'kommentar', '2018-05-29 21:53:19'),
(50, 21, 1, 'Bacon ipsum dolor amet jowl sausage doner ground round, turkey meatloaf jerky short ribs leberkas salami pork belly rump fatback chicken venison. Pastrami drumstick pork meatloaf salami, hamburger landjaeger bacon sausage turducken corned beef.', 'Dies ist eine Aufzählung:\n- Aufzählung\n- Aufzählung\n- Aufzählung\n- Aufzählung\n- Aufzählung\n- Aufzählung\n- Aufzählung\n\nFazit. Fazit. Fazit.', 'Bacon ipsum dolor amet jowl sausage doner ground round, turkey meatloaf jerky short ribs leberkas salami pork belly rump fatback chicken venison. Pastrami drumstick pork meatloaf salami, hamburger landjaeger bacon sausage turducken corned beef.', 4, 9, 12, 'kommentar', '2018-05-29 21:53:19'),
(51, 54, 0, 'Dies ist ein Fließtext Beispiel. Dies ist ein Fließtext Beispiel. Dies ist ein Fließtext Beispiel. Dies ist ein Fließtext Beispiel. Dies ist ein Fließtext Beispiel. Dies ist ein Fließtext Beispiel. Dies ist ein Fließtext Beispiel. Dies ist ein Fließtext Beispiel. Dies ist ein Fließtext Beispiel. Dies ist ein Fließtext Beispiel. Dies ist ein Fließtext Beispiel. Dies ist ein Fließtext Beispiel.', 'Dies ist eine Aufzählung:\n- Aufzählung\n- Aufzählung\n- Aufzählung\n- Aufzählung\n- Aufzählung\n- Aufzählung\n- Aufzählung\n\nFazit. Fazit. Fazit.', 'Bacon ipsum dolor amet jowl sausage doner ground round, turkey meatloaf jerky short ribs leberkas salami pork belly rump fatback chicken venison. Pastrami drumstick pork meatloaf salami, hamburger landjaeger bacon sausage turducken corned beef.', 7, 9, 5, 'kommentar', '2018-05-29 21:53:19'),
(52, 72, 1, 'Dies ist ein Fließtext Beispiel. Dies ist ein Fließtext Beispiel. Dies ist ein Fließtext Beispiel. Dies ist ein Fließtext Beispiel. Dies ist ein Fließtext Beispiel. Dies ist ein Fließtext Beispiel. Dies ist ein Fließtext Beispiel. Dies ist ein Fließtext Beispiel. Dies ist ein Fließtext Beispiel. Dies ist ein Fließtext Beispiel. Dies ist ein Fließtext Beispiel. Dies ist ein Fließtext Beispiel.', 'Dies ist ein Fließtext Beispiel. Dies ist ein Fließtext Beispiel. Dies ist ein Fließtext Beispiel. Dies ist ein Fließtext Beispiel. Dies ist ein Fließtext Beispiel. Dies ist ein Fließtext Beispiel. Dies ist ein Fließtext Beispiel. Dies ist ein Fließtext Beispiel. Dies ist ein Fließtext Beispiel. Dies ist ein Fließtext Beispiel. Dies ist ein Fließtext Beispiel. Dies ist ein Fließtext Beispiel.', 'Dies ist ein Fließtext Beispiel. Dies ist ein Fließtext Beispiel. Dies ist ein Fließtext Beispiel. Dies ist ein Fließtext Beispiel. Dies ist ein Fließtext Beispiel. Dies ist ein Fließtext Beispiel. Dies ist ein Fließtext Beispiel. Dies ist ein Fließtext Beispiel. Dies ist ein Fließtext Beispiel. Dies ist ein Fließtext Beispiel. Dies ist ein Fließtext Beispiel. Dies ist ein Fließtext Beispiel.', 11, 8, 2, 'kommentar', '2018-05-29 21:53:19'),
(53, 13, 1, 'Dies ist eine Aufzählung:\n- Aufzählung\n- Aufzählung\n- Aufzählung\n- Aufzählung\n- Aufzählung\n- Aufzählung\n- Aufzählung\n\nFazit. Fazit. Fazit.', 'Dies ist eine Aufzählung:\n- Aufzählung\n- Aufzählung\n- Aufzählung\n- Aufzählung\n- Aufzählung\n- Aufzählung\n- Aufzählung\n\nFazit. Fazit. Fazit.', 'Dies ist ein Fließtext Beispiel. Dies ist ein Fließtext Beispiel. Dies ist ein Fließtext Beispiel. Dies ist ein Fließtext Beispiel. Dies ist ein Fließtext Beispiel. Dies ist ein Fließtext Beispiel. Dies ist ein Fließtext Beispiel. Dies ist ein Fließtext Beispiel. Dies ist ein Fließtext Beispiel. Dies ist ein Fließtext Beispiel. Dies ist ein Fließtext Beispiel. Dies ist ein Fließtext Beispiel.', 3, 11, 3, 'kommentar', '2018-05-29 21:53:19'),
(54, 56, 0, 'Dies ist ein Fließtext Beispiel. Dies ist ein Fließtext Beispiel. Dies ist ein Fließtext Beispiel. Dies ist ein Fließtext Beispiel. Dies ist ein Fließtext Beispiel. Dies ist ein Fließtext Beispiel. Dies ist ein Fließtext Beispiel. Dies ist ein Fließtext Beispiel. Dies ist ein Fließtext Beispiel. Dies ist ein Fließtext Beispiel. Dies ist ein Fließtext Beispiel. Dies ist ein Fließtext Beispiel.', 'Bacon ipsum dolor amet jowl sausage doner ground round, turkey meatloaf jerky short ribs leberkas salami pork belly rump fatback chicken venison. Pastrami drumstick pork meatloaf salami, hamburger landjaeger bacon sausage turducken corned beef.', 'Dies ist eine Aufzählung:\n- Aufzählung\n- Aufzählung\n- Aufzählung\n- Aufzählung\n- Aufzählung\n- Aufzählung\n- Aufzählung\n\nFazit. Fazit. Fazit.', 1, 2, 8, 'kommentar', '2018-05-29 21:53:19'),
(55, 78, 0, 'Dies ist eine Aufzählung:\n- Aufzählung\n- Aufzählung\n- Aufzählung\n- Aufzählung\n- Aufzählung\n- Aufzählung\n- Aufzählung\n\nFazit. Fazit. Fazit.', 'Dies ist eine Aufzählung:\n- Aufzählung\n- Aufzählung\n- Aufzählung\n- Aufzählung\n- Aufzählung\n- Aufzählung\n- Aufzählung\n\nFazit. Fazit. Fazit.', 'Dies ist eine Aufzählung:\n- Aufzählung\n- Aufzählung\n- Aufzählung\n- Aufzählung\n- Aufzählung\n- Aufzählung\n- Aufzählung\n\nFazit. Fazit. Fazit.', 3, 4, 4, 'kommentar', '2018-05-29 21:53:19'),
(56, 69, 0, 'Dies ist eine Aufzählung:\n- Aufzählung\n- Aufzählung\n- Aufzählung\n- Aufzählung\n- Aufzählung\n- Aufzählung\n- Aufzählung\n\nFazit. Fazit. Fazit.', 'Bacon ipsum dolor amet jowl sausage doner ground round, turkey meatloaf jerky short ribs leberkas salami pork belly rump fatback chicken venison. Pastrami drumstick pork meatloaf salami, hamburger landjaeger bacon sausage turducken corned beef.', 'Dies ist eine Aufzählung:\n- Aufzählung\n- Aufzählung\n- Aufzählung\n- Aufzählung\n- Aufzählung\n- Aufzählung\n- Aufzählung\n\nFazit. Fazit. Fazit.', 7, 6, 6, 'kommentar', '2018-05-29 21:53:19'),
(57, 66, 1, 'Dies ist eine Aufzählung:\n- Aufzählung\n- Aufzählung\n- Aufzählung\n- Aufzählung\n- Aufzählung\n- Aufzählung\n- Aufzählung\n\nFazit. Fazit. Fazit.', 'Dies ist ein Fließtext Beispiel. Dies ist ein Fließtext Beispiel. Dies ist ein Fließtext Beispiel. Dies ist ein Fließtext Beispiel. Dies ist ein Fließtext Beispiel. Dies ist ein Fließtext Beispiel. Dies ist ein Fließtext Beispiel. Dies ist ein Fließtext Beispiel. Dies ist ein Fließtext Beispiel. Dies ist ein Fließtext Beispiel. Dies ist ein Fließtext Beispiel. Dies ist ein Fließtext Beispiel.', 'Dies ist ein Fließtext Beispiel. Dies ist ein Fließtext Beispiel. Dies ist ein Fließtext Beispiel. Dies ist ein Fließtext Beispiel. Dies ist ein Fließtext Beispiel. Dies ist ein Fließtext Beispiel. Dies ist ein Fließtext Beispiel. Dies ist ein Fließtext Beispiel. Dies ist ein Fließtext Beispiel. Dies ist ein Fließtext Beispiel. Dies ist ein Fließtext Beispiel. Dies ist ein Fließtext Beispiel.', 11, 8, 6, 'kommentar', '2018-05-29 21:53:19'),
(58, 44, 0, 'Dies ist ein Fließtext Beispiel. Dies ist ein Fließtext Beispiel. Dies ist ein Fließtext Beispiel. Dies ist ein Fließtext Beispiel. Dies ist ein Fließtext Beispiel. Dies ist ein Fließtext Beispiel. Dies ist ein Fließtext Beispiel. Dies ist ein Fließtext Beispiel. Dies ist ein Fließtext Beispiel. Dies ist ein Fließtext Beispiel. Dies ist ein Fließtext Beispiel. Dies ist ein Fließtext Beispiel.', 'Bacon ipsum dolor amet jowl sausage doner ground round, turkey meatloaf jerky short ribs leberkas salami pork belly rump fatback chicken venison. Pastrami drumstick pork meatloaf salami, hamburger landjaeger bacon sausage turducken corned beef.', 'Bacon ipsum dolor amet jowl sausage doner ground round, turkey meatloaf jerky short ribs leberkas salami pork belly rump fatback chicken venison. Pastrami drumstick pork meatloaf salami, hamburger landjaeger bacon sausage turducken corned beef.', 9, 2, 11, 'kommentar', '2018-05-29 21:53:19'),
(59, 13, 2, 'Dies ist eine Aufzählung:\n- Aufzählung\n- Aufzählung\n- Aufzählung\n- Aufzählung\n- Aufzählung\n- Aufzählung\n- Aufzählung\n\nFazit. Fazit. Fazit.', 'Dies ist eine Aufzählung:\n- Aufzählung\n- Aufzählung\n- Aufzählung\n- Aufzählung\n- Aufzählung\n- Aufzählung\n- Aufzählung\n\nFazit. Fazit. Fazit.', 'Bacon ipsum dolor amet jowl sausage doner ground round, turkey meatloaf jerky short ribs leberkas salami pork belly rump fatback chicken venison. Pastrami drumstick pork meatloaf salami, hamburger landjaeger bacon sausage turducken corned beef.', 3, 11, 3, 'kommentar', '2018-05-29 21:53:19'),
(60, 93, 0, 'Dies ist eine Aufzählung:\n- Aufzählung\n- Aufzählung\n- Aufzählung\n- Aufzählung\n- Aufzählung\n- Aufzählung\n- Aufzählung\n\nFazit. Fazit. Fazit.', 'Dies ist ein Fließtext Beispiel. Dies ist ein Fließtext Beispiel. Dies ist ein Fließtext Beispiel. Dies ist ein Fließtext Beispiel. Dies ist ein Fließtext Beispiel. Dies ist ein Fließtext Beispiel. Dies ist ein Fließtext Beispiel. Dies ist ein Fließtext Beispiel. Dies ist ein Fließtext Beispiel. Dies ist ein Fließtext Beispiel. Dies ist ein Fließtext Beispiel. Dies ist ein Fließtext Beispiel.', 'Dies ist eine Aufzählung:\n- Aufzählung\n- Aufzählung\n- Aufzählung\n- Aufzählung\n- Aufzählung\n- Aufzählung\n- Aufzählung\n\nFazit. Fazit. Fazit.', 8, 6, 10, 'kommentar', '2018-05-29 21:53:19');
INSERT INTO `report_revision` (`id`, `report_id`, `number`, `textOperationalActivities`, `textOperationalGuidance`, `textVocationalTeaching`, `hoursOperationalActivities`, `hoursOperationalGuidance`, `hoursVocationalTeaching`, `comment`, `timeStamp`) VALUES
(61, 87, 1, 'Bacon ipsum dolor amet jowl sausage doner ground round, turkey meatloaf jerky short ribs leberkas salami pork belly rump fatback chicken venison. Pastrami drumstick pork meatloaf salami, hamburger landjaeger bacon sausage turducken corned beef.', 'Dies ist ein Fließtext Beispiel. Dies ist ein Fließtext Beispiel. Dies ist ein Fließtext Beispiel. Dies ist ein Fließtext Beispiel. Dies ist ein Fließtext Beispiel. Dies ist ein Fließtext Beispiel. Dies ist ein Fließtext Beispiel. Dies ist ein Fließtext Beispiel. Dies ist ein Fließtext Beispiel. Dies ist ein Fließtext Beispiel. Dies ist ein Fließtext Beispiel. Dies ist ein Fließtext Beispiel.', 'Dies ist ein Fließtext Beispiel. Dies ist ein Fließtext Beispiel. Dies ist ein Fließtext Beispiel. Dies ist ein Fließtext Beispiel. Dies ist ein Fließtext Beispiel. Dies ist ein Fließtext Beispiel. Dies ist ein Fließtext Beispiel. Dies ist ein Fließtext Beispiel. Dies ist ein Fließtext Beispiel. Dies ist ein Fließtext Beispiel. Dies ist ein Fließtext Beispiel. Dies ist ein Fließtext Beispiel.', 5, 11, 9, 'kommentar', '2018-05-29 21:53:19'),
(62, 97, 0, 'Bacon ipsum dolor amet jowl sausage doner ground round, turkey meatloaf jerky short ribs leberkas salami pork belly rump fatback chicken venison. Pastrami drumstick pork meatloaf salami, hamburger landjaeger bacon sausage turducken corned beef.', 'Bacon ipsum dolor amet jowl sausage doner ground round, turkey meatloaf jerky short ribs leberkas salami pork belly rump fatback chicken venison. Pastrami drumstick pork meatloaf salami, hamburger landjaeger bacon sausage turducken corned beef.', 'Dies ist ein Fließtext Beispiel. Dies ist ein Fließtext Beispiel. Dies ist ein Fließtext Beispiel. Dies ist ein Fließtext Beispiel. Dies ist ein Fließtext Beispiel. Dies ist ein Fließtext Beispiel. Dies ist ein Fließtext Beispiel. Dies ist ein Fließtext Beispiel. Dies ist ein Fließtext Beispiel. Dies ist ein Fließtext Beispiel. Dies ist ein Fließtext Beispiel. Dies ist ein Fließtext Beispiel.', 4, 10, 8, 'kommentar', '2018-05-29 21:53:19'),
(63, 86, 1, 'Dies ist eine Aufzählung:\n- Aufzählung\n- Aufzählung\n- Aufzählung\n- Aufzählung\n- Aufzählung\n- Aufzählung\n- Aufzählung\n\nFazit. Fazit. Fazit.', 'Dies ist ein Fließtext Beispiel. Dies ist ein Fließtext Beispiel. Dies ist ein Fließtext Beispiel. Dies ist ein Fließtext Beispiel. Dies ist ein Fließtext Beispiel. Dies ist ein Fließtext Beispiel. Dies ist ein Fließtext Beispiel. Dies ist ein Fließtext Beispiel. Dies ist ein Fließtext Beispiel. Dies ist ein Fließtext Beispiel. Dies ist ein Fließtext Beispiel. Dies ist ein Fließtext Beispiel.', 'Bacon ipsum dolor amet jowl sausage doner ground round, turkey meatloaf jerky short ribs leberkas salami pork belly rump fatback chicken venison. Pastrami drumstick pork meatloaf salami, hamburger landjaeger bacon sausage turducken corned beef.', 7, 12, 8, 'kommentar', '2018-05-29 21:53:19'),
(64, 85, 1, 'Dies ist ein Fließtext Beispiel. Dies ist ein Fließtext Beispiel. Dies ist ein Fließtext Beispiel. Dies ist ein Fließtext Beispiel. Dies ist ein Fließtext Beispiel. Dies ist ein Fließtext Beispiel. Dies ist ein Fließtext Beispiel. Dies ist ein Fließtext Beispiel. Dies ist ein Fließtext Beispiel. Dies ist ein Fließtext Beispiel. Dies ist ein Fließtext Beispiel. Dies ist ein Fließtext Beispiel.', 'Dies ist ein Fließtext Beispiel. Dies ist ein Fließtext Beispiel. Dies ist ein Fließtext Beispiel. Dies ist ein Fließtext Beispiel. Dies ist ein Fließtext Beispiel. Dies ist ein Fließtext Beispiel. Dies ist ein Fließtext Beispiel. Dies ist ein Fließtext Beispiel. Dies ist ein Fließtext Beispiel. Dies ist ein Fließtext Beispiel. Dies ist ein Fließtext Beispiel. Dies ist ein Fließtext Beispiel.', 'Dies ist eine Aufzählung:\n- Aufzählung\n- Aufzählung\n- Aufzählung\n- Aufzählung\n- Aufzählung\n- Aufzählung\n- Aufzählung\n\nFazit. Fazit. Fazit.', 9, 12, 4, 'kommentar', '2018-05-29 21:53:19'),
(65, 28, 0, 'Bacon ipsum dolor amet jowl sausage doner ground round, turkey meatloaf jerky short ribs leberkas salami pork belly rump fatback chicken venison. Pastrami drumstick pork meatloaf salami, hamburger landjaeger bacon sausage turducken corned beef.', 'Dies ist eine Aufzählung:\n- Aufzählung\n- Aufzählung\n- Aufzählung\n- Aufzählung\n- Aufzählung\n- Aufzählung\n- Aufzählung\n\nFazit. Fazit. Fazit.', 'Bacon ipsum dolor amet jowl sausage doner ground round, turkey meatloaf jerky short ribs leberkas salami pork belly rump fatback chicken venison. Pastrami drumstick pork meatloaf salami, hamburger landjaeger bacon sausage turducken corned beef.', 5, 2, 7, 'kommentar', '2018-05-29 21:53:19'),
(66, 63, 0, 'Dies ist eine Aufzählung:\n- Aufzählung\n- Aufzählung\n- Aufzählung\n- Aufzählung\n- Aufzählung\n- Aufzählung\n- Aufzählung\n\nFazit. Fazit. Fazit.', 'Bacon ipsum dolor amet jowl sausage doner ground round, turkey meatloaf jerky short ribs leberkas salami pork belly rump fatback chicken venison. Pastrami drumstick pork meatloaf salami, hamburger landjaeger bacon sausage turducken corned beef.', 'Dies ist eine Aufzählung:\n- Aufzählung\n- Aufzählung\n- Aufzählung\n- Aufzählung\n- Aufzählung\n- Aufzählung\n- Aufzählung\n\nFazit. Fazit. Fazit.', 9, 1, 11, 'kommentar', '2018-05-29 21:53:19'),
(67, 64, 1, 'Dies ist ein Fließtext Beispiel. Dies ist ein Fließtext Beispiel. Dies ist ein Fließtext Beispiel. Dies ist ein Fließtext Beispiel. Dies ist ein Fließtext Beispiel. Dies ist ein Fließtext Beispiel. Dies ist ein Fließtext Beispiel. Dies ist ein Fließtext Beispiel. Dies ist ein Fließtext Beispiel. Dies ist ein Fließtext Beispiel. Dies ist ein Fließtext Beispiel. Dies ist ein Fließtext Beispiel.', 'Dies ist ein Fließtext Beispiel. Dies ist ein Fließtext Beispiel. Dies ist ein Fließtext Beispiel. Dies ist ein Fließtext Beispiel. Dies ist ein Fließtext Beispiel. Dies ist ein Fließtext Beispiel. Dies ist ein Fließtext Beispiel. Dies ist ein Fließtext Beispiel. Dies ist ein Fließtext Beispiel. Dies ist ein Fließtext Beispiel. Dies ist ein Fließtext Beispiel. Dies ist ein Fließtext Beispiel.', 'Dies ist ein Fließtext Beispiel. Dies ist ein Fließtext Beispiel. Dies ist ein Fließtext Beispiel. Dies ist ein Fließtext Beispiel. Dies ist ein Fließtext Beispiel. Dies ist ein Fließtext Beispiel. Dies ist ein Fließtext Beispiel. Dies ist ein Fließtext Beispiel. Dies ist ein Fließtext Beispiel. Dies ist ein Fließtext Beispiel. Dies ist ein Fließtext Beispiel. Dies ist ein Fließtext Beispiel.', 4, 8, 7, 'kommentar', '2018-05-29 21:53:19'),
(68, 51, 2, 'Dies ist ein Fließtext Beispiel. Dies ist ein Fließtext Beispiel. Dies ist ein Fließtext Beispiel. Dies ist ein Fließtext Beispiel. Dies ist ein Fließtext Beispiel. Dies ist ein Fließtext Beispiel. Dies ist ein Fließtext Beispiel. Dies ist ein Fließtext Beispiel. Dies ist ein Fließtext Beispiel. Dies ist ein Fließtext Beispiel. Dies ist ein Fließtext Beispiel. Dies ist ein Fließtext Beispiel.', 'Dies ist eine Aufzählung:\n- Aufzählung\n- Aufzählung\n- Aufzählung\n- Aufzählung\n- Aufzählung\n- Aufzählung\n- Aufzählung\n\nFazit. Fazit. Fazit.', 'Dies ist eine Aufzählung:\n- Aufzählung\n- Aufzählung\n- Aufzählung\n- Aufzählung\n- Aufzählung\n- Aufzählung\n- Aufzählung\n\nFazit. Fazit. Fazit.', 6, 10, 3, 'kommentar', '2018-05-29 21:53:19'),
(69, 89, 0, 'Dies ist eine Aufzählung:\n- Aufzählung\n- Aufzählung\n- Aufzählung\n- Aufzählung\n- Aufzählung\n- Aufzählung\n- Aufzählung\n\nFazit. Fazit. Fazit.', 'Dies ist ein Fließtext Beispiel. Dies ist ein Fließtext Beispiel. Dies ist ein Fließtext Beispiel. Dies ist ein Fließtext Beispiel. Dies ist ein Fließtext Beispiel. Dies ist ein Fließtext Beispiel. Dies ist ein Fließtext Beispiel. Dies ist ein Fließtext Beispiel. Dies ist ein Fließtext Beispiel. Dies ist ein Fließtext Beispiel. Dies ist ein Fließtext Beispiel. Dies ist ein Fließtext Beispiel.', 'Dies ist eine Aufzählung:\n- Aufzählung\n- Aufzählung\n- Aufzählung\n- Aufzählung\n- Aufzählung\n- Aufzählung\n- Aufzählung\n\nFazit. Fazit. Fazit.', 1, 1, 10, 'kommentar', '2018-05-29 21:53:19'),
(70, 15, 0, 'Dies ist ein Fließtext Beispiel. Dies ist ein Fließtext Beispiel. Dies ist ein Fließtext Beispiel. Dies ist ein Fließtext Beispiel. Dies ist ein Fließtext Beispiel. Dies ist ein Fließtext Beispiel. Dies ist ein Fließtext Beispiel. Dies ist ein Fließtext Beispiel. Dies ist ein Fließtext Beispiel. Dies ist ein Fließtext Beispiel. Dies ist ein Fließtext Beispiel. Dies ist ein Fließtext Beispiel.', 'Dies ist eine Aufzählung:\n- Aufzählung\n- Aufzählung\n- Aufzählung\n- Aufzählung\n- Aufzählung\n- Aufzählung\n- Aufzählung\n\nFazit. Fazit. Fazit.', 'Dies ist eine Aufzählung:\n- Aufzählung\n- Aufzählung\n- Aufzählung\n- Aufzählung\n- Aufzählung\n- Aufzählung\n- Aufzählung\n\nFazit. Fazit. Fazit.', 5, 5, 12, 'kommentar', '2018-05-29 21:53:19'),
(71, 57, 0, 'Dies ist eine Aufzählung:\n- Aufzählung\n- Aufzählung\n- Aufzählung\n- Aufzählung\n- Aufzählung\n- Aufzählung\n- Aufzählung\n\nFazit. Fazit. Fazit.', 'Dies ist eine Aufzählung:\n- Aufzählung\n- Aufzählung\n- Aufzählung\n- Aufzählung\n- Aufzählung\n- Aufzählung\n- Aufzählung\n\nFazit. Fazit. Fazit.', 'Dies ist eine Aufzählung:\n- Aufzählung\n- Aufzählung\n- Aufzählung\n- Aufzählung\n- Aufzählung\n- Aufzählung\n- Aufzählung\n\nFazit. Fazit. Fazit.', 7, 6, 2, 'kommentar', '2018-05-29 21:53:19'),
(72, 9, 1, 'Dies ist eine Aufzählung:\n- Aufzählung\n- Aufzählung\n- Aufzählung\n- Aufzählung\n- Aufzählung\n- Aufzählung\n- Aufzählung\n\nFazit. Fazit. Fazit.', 'Dies ist ein Fließtext Beispiel. Dies ist ein Fließtext Beispiel. Dies ist ein Fließtext Beispiel. Dies ist ein Fließtext Beispiel. Dies ist ein Fließtext Beispiel. Dies ist ein Fließtext Beispiel. Dies ist ein Fließtext Beispiel. Dies ist ein Fließtext Beispiel. Dies ist ein Fließtext Beispiel. Dies ist ein Fließtext Beispiel. Dies ist ein Fließtext Beispiel. Dies ist ein Fließtext Beispiel.', 'Bacon ipsum dolor amet jowl sausage doner ground round, turkey meatloaf jerky short ribs leberkas salami pork belly rump fatback chicken venison. Pastrami drumstick pork meatloaf salami, hamburger landjaeger bacon sausage turducken corned beef.', 12, 11, 8, 'kommentar', '2018-05-29 21:53:19'),
(73, 39, 1, 'Bacon ipsum dolor amet jowl sausage doner ground round, turkey meatloaf jerky short ribs leberkas salami pork belly rump fatback chicken venison. Pastrami drumstick pork meatloaf salami, hamburger landjaeger bacon sausage turducken corned beef.', 'Dies ist eine Aufzählung:\n- Aufzählung\n- Aufzählung\n- Aufzählung\n- Aufzählung\n- Aufzählung\n- Aufzählung\n- Aufzählung\n\nFazit. Fazit. Fazit.', 'Dies ist ein Fließtext Beispiel. Dies ist ein Fließtext Beispiel. Dies ist ein Fließtext Beispiel. Dies ist ein Fließtext Beispiel. Dies ist ein Fließtext Beispiel. Dies ist ein Fließtext Beispiel. Dies ist ein Fließtext Beispiel. Dies ist ein Fließtext Beispiel. Dies ist ein Fließtext Beispiel. Dies ist ein Fließtext Beispiel. Dies ist ein Fließtext Beispiel. Dies ist ein Fließtext Beispiel.', 10, 5, 10, 'kommentar', '2018-05-29 21:53:19'),
(74, 15, 1, 'Dies ist eine Aufzählung:\n- Aufzählung\n- Aufzählung\n- Aufzählung\n- Aufzählung\n- Aufzählung\n- Aufzählung\n- Aufzählung\n\nFazit. Fazit. Fazit.', 'Dies ist eine Aufzählung:\n- Aufzählung\n- Aufzählung\n- Aufzählung\n- Aufzählung\n- Aufzählung\n- Aufzählung\n- Aufzählung\n\nFazit. Fazit. Fazit.', 'Dies ist ein Fließtext Beispiel. Dies ist ein Fließtext Beispiel. Dies ist ein Fließtext Beispiel. Dies ist ein Fließtext Beispiel. Dies ist ein Fließtext Beispiel. Dies ist ein Fließtext Beispiel. Dies ist ein Fließtext Beispiel. Dies ist ein Fließtext Beispiel. Dies ist ein Fließtext Beispiel. Dies ist ein Fließtext Beispiel. Dies ist ein Fließtext Beispiel. Dies ist ein Fließtext Beispiel.', 6, 6, 13, 'kommentar', '2018-05-29 21:53:19'),
(75, 16, 0, 'Dies ist ein Fließtext Beispiel. Dies ist ein Fließtext Beispiel. Dies ist ein Fließtext Beispiel. Dies ist ein Fließtext Beispiel. Dies ist ein Fließtext Beispiel. Dies ist ein Fließtext Beispiel. Dies ist ein Fließtext Beispiel. Dies ist ein Fließtext Beispiel. Dies ist ein Fließtext Beispiel. Dies ist ein Fließtext Beispiel. Dies ist ein Fließtext Beispiel. Dies ist ein Fließtext Beispiel.', 'Dies ist eine Aufzählung:\n- Aufzählung\n- Aufzählung\n- Aufzählung\n- Aufzählung\n- Aufzählung\n- Aufzählung\n- Aufzählung\n\nFazit. Fazit. Fazit.', 'Dies ist eine Aufzählung:\n- Aufzählung\n- Aufzählung\n- Aufzählung\n- Aufzählung\n- Aufzählung\n- Aufzählung\n- Aufzählung\n\nFazit. Fazit. Fazit.', 8, 4, 6, 'kommentar', '2018-05-29 21:53:19'),
(76, 13, 3, 'Dies ist eine Aufzählung:\n- Aufzählung\n- Aufzählung\n- Aufzählung\n- Aufzählung\n- Aufzählung\n- Aufzählung\n- Aufzählung\n\nFazit. Fazit. Fazit.', 'Dies ist eine Aufzählung:\n- Aufzählung\n- Aufzählung\n- Aufzählung\n- Aufzählung\n- Aufzählung\n- Aufzählung\n- Aufzählung\n\nFazit. Fazit. Fazit.', 'Bacon ipsum dolor amet jowl sausage doner ground round, turkey meatloaf jerky short ribs leberkas salami pork belly rump fatback chicken venison. Pastrami drumstick pork meatloaf salami, hamburger landjaeger bacon sausage turducken corned beef.', 3, 11, 3, 'kommentar', '2018-05-29 21:53:19'),
(77, 89, 1, 'Bacon ipsum dolor amet jowl sausage doner ground round, turkey meatloaf jerky short ribs leberkas salami pork belly rump fatback chicken venison. Pastrami drumstick pork meatloaf salami, hamburger landjaeger bacon sausage turducken corned beef.', 'Bacon ipsum dolor amet jowl sausage doner ground round, turkey meatloaf jerky short ribs leberkas salami pork belly rump fatback chicken venison. Pastrami drumstick pork meatloaf salami, hamburger landjaeger bacon sausage turducken corned beef.', 'Dies ist ein Fließtext Beispiel. Dies ist ein Fließtext Beispiel. Dies ist ein Fließtext Beispiel. Dies ist ein Fließtext Beispiel. Dies ist ein Fließtext Beispiel. Dies ist ein Fließtext Beispiel. Dies ist ein Fließtext Beispiel. Dies ist ein Fließtext Beispiel. Dies ist ein Fließtext Beispiel. Dies ist ein Fließtext Beispiel. Dies ist ein Fließtext Beispiel. Dies ist ein Fließtext Beispiel.', 2, 2, 11, 'kommentar', '2018-05-29 21:53:19'),
(78, 37, 0, 'Dies ist eine Aufzählung:\n- Aufzählung\n- Aufzählung\n- Aufzählung\n- Aufzählung\n- Aufzählung\n- Aufzählung\n- Aufzählung\n\nFazit. Fazit. Fazit.', 'Dies ist ein Fließtext Beispiel. Dies ist ein Fließtext Beispiel. Dies ist ein Fließtext Beispiel. Dies ist ein Fließtext Beispiel. Dies ist ein Fließtext Beispiel. Dies ist ein Fließtext Beispiel. Dies ist ein Fließtext Beispiel. Dies ist ein Fließtext Beispiel. Dies ist ein Fließtext Beispiel. Dies ist ein Fließtext Beispiel. Dies ist ein Fließtext Beispiel. Dies ist ein Fließtext Beispiel.', 'Bacon ipsum dolor amet jowl sausage doner ground round, turkey meatloaf jerky short ribs leberkas salami pork belly rump fatback chicken venison. Pastrami drumstick pork meatloaf salami, hamburger landjaeger bacon sausage turducken corned beef.', 12, 8, 10, 'kommentar', '2018-05-29 21:53:19'),
(79, 74, 0, 'Dies ist eine Aufzählung:\n- Aufzählung\n- Aufzählung\n- Aufzählung\n- Aufzählung\n- Aufzählung\n- Aufzählung\n- Aufzählung\n\nFazit. Fazit. Fazit.', 'Dies ist ein Fließtext Beispiel. Dies ist ein Fließtext Beispiel. Dies ist ein Fließtext Beispiel. Dies ist ein Fließtext Beispiel. Dies ist ein Fließtext Beispiel. Dies ist ein Fließtext Beispiel. Dies ist ein Fließtext Beispiel. Dies ist ein Fließtext Beispiel. Dies ist ein Fließtext Beispiel. Dies ist ein Fließtext Beispiel. Dies ist ein Fließtext Beispiel. Dies ist ein Fließtext Beispiel.', 'Bacon ipsum dolor amet jowl sausage doner ground round, turkey meatloaf jerky short ribs leberkas salami pork belly rump fatback chicken venison. Pastrami drumstick pork meatloaf salami, hamburger landjaeger bacon sausage turducken corned beef.', 5, 4, 6, 'kommentar', '2018-05-29 21:53:19'),
(80, 97, 1, 'Dies ist eine Aufzählung:\n- Aufzählung\n- Aufzählung\n- Aufzählung\n- Aufzählung\n- Aufzählung\n- Aufzählung\n- Aufzählung\n\nFazit. Fazit. Fazit.', 'Dies ist ein Fließtext Beispiel. Dies ist ein Fließtext Beispiel. Dies ist ein Fließtext Beispiel. Dies ist ein Fließtext Beispiel. Dies ist ein Fließtext Beispiel. Dies ist ein Fließtext Beispiel. Dies ist ein Fließtext Beispiel. Dies ist ein Fließtext Beispiel. Dies ist ein Fließtext Beispiel. Dies ist ein Fließtext Beispiel. Dies ist ein Fließtext Beispiel. Dies ist ein Fließtext Beispiel.', 'Dies ist ein Fließtext Beispiel. Dies ist ein Fließtext Beispiel. Dies ist ein Fließtext Beispiel. Dies ist ein Fließtext Beispiel. Dies ist ein Fließtext Beispiel. Dies ist ein Fließtext Beispiel. Dies ist ein Fließtext Beispiel. Dies ist ein Fließtext Beispiel. Dies ist ein Fließtext Beispiel. Dies ist ein Fließtext Beispiel. Dies ist ein Fließtext Beispiel. Dies ist ein Fließtext Beispiel.', 5, 11, 9, 'kommentar', '2018-05-29 21:53:19'),
(81, 26, 1, 'Dies ist eine Aufzählung:\n- Aufzählung\n- Aufzählung\n- Aufzählung\n- Aufzählung\n- Aufzählung\n- Aufzählung\n- Aufzählung\n\nFazit. Fazit. Fazit.', 'Dies ist eine Aufzählung:\n- Aufzählung\n- Aufzählung\n- Aufzählung\n- Aufzählung\n- Aufzählung\n- Aufzählung\n- Aufzählung\n\nFazit. Fazit. Fazit.', 'Bacon ipsum dolor amet jowl sausage doner ground round, turkey meatloaf jerky short ribs leberkas salami pork belly rump fatback chicken venison. Pastrami drumstick pork meatloaf salami, hamburger landjaeger bacon sausage turducken corned beef.', 12, 10, 2, 'kommentar', '2018-05-29 21:53:19'),
(82, 8, 1, 'Dies ist ein Fließtext Beispiel. Dies ist ein Fließtext Beispiel. Dies ist ein Fließtext Beispiel. Dies ist ein Fließtext Beispiel. Dies ist ein Fließtext Beispiel. Dies ist ein Fließtext Beispiel. Dies ist ein Fließtext Beispiel. Dies ist ein Fließtext Beispiel. Dies ist ein Fließtext Beispiel. Dies ist ein Fließtext Beispiel. Dies ist ein Fließtext Beispiel. Dies ist ein Fließtext Beispiel.', 'Bacon ipsum dolor amet jowl sausage doner ground round, turkey meatloaf jerky short ribs leberkas salami pork belly rump fatback chicken venison. Pastrami drumstick pork meatloaf salami, hamburger landjaeger bacon sausage turducken corned beef.', 'Dies ist ein Fließtext Beispiel. Dies ist ein Fließtext Beispiel. Dies ist ein Fließtext Beispiel. Dies ist ein Fließtext Beispiel. Dies ist ein Fließtext Beispiel. Dies ist ein Fließtext Beispiel. Dies ist ein Fließtext Beispiel. Dies ist ein Fließtext Beispiel. Dies ist ein Fließtext Beispiel. Dies ist ein Fließtext Beispiel. Dies ist ein Fließtext Beispiel. Dies ist ein Fließtext Beispiel.', 11, 11, 10, 'kommentar', '2018-05-29 21:53:19'),
(83, 49, 1, 'Dies ist eine Aufzählung:\n- Aufzählung\n- Aufzählung\n- Aufzählung\n- Aufzählung\n- Aufzählung\n- Aufzählung\n- Aufzählung\n\nFazit. Fazit. Fazit.', 'Dies ist ein Fließtext Beispiel. Dies ist ein Fließtext Beispiel. Dies ist ein Fließtext Beispiel. Dies ist ein Fließtext Beispiel. Dies ist ein Fließtext Beispiel. Dies ist ein Fließtext Beispiel. Dies ist ein Fließtext Beispiel. Dies ist ein Fließtext Beispiel. Dies ist ein Fließtext Beispiel. Dies ist ein Fließtext Beispiel. Dies ist ein Fließtext Beispiel. Dies ist ein Fließtext Beispiel.', 'Bacon ipsum dolor amet jowl sausage doner ground round, turkey meatloaf jerky short ribs leberkas salami pork belly rump fatback chicken venison. Pastrami drumstick pork meatloaf salami, hamburger landjaeger bacon sausage turducken corned beef.', 11, 9, 3, 'kommentar', '2018-05-29 21:53:19'),
(84, 8, 2, 'Dies ist ein Fließtext Beispiel. Dies ist ein Fließtext Beispiel. Dies ist ein Fließtext Beispiel. Dies ist ein Fließtext Beispiel. Dies ist ein Fließtext Beispiel. Dies ist ein Fließtext Beispiel. Dies ist ein Fließtext Beispiel. Dies ist ein Fließtext Beispiel. Dies ist ein Fließtext Beispiel. Dies ist ein Fließtext Beispiel. Dies ist ein Fließtext Beispiel. Dies ist ein Fließtext Beispiel.', 'Dies ist ein Fließtext Beispiel. Dies ist ein Fließtext Beispiel. Dies ist ein Fließtext Beispiel. Dies ist ein Fließtext Beispiel. Dies ist ein Fließtext Beispiel. Dies ist ein Fließtext Beispiel. Dies ist ein Fließtext Beispiel. Dies ist ein Fließtext Beispiel. Dies ist ein Fließtext Beispiel. Dies ist ein Fließtext Beispiel. Dies ist ein Fließtext Beispiel. Dies ist ein Fließtext Beispiel.', 'Bacon ipsum dolor amet jowl sausage doner ground round, turkey meatloaf jerky short ribs leberkas salami pork belly rump fatback chicken venison. Pastrami drumstick pork meatloaf salami, hamburger landjaeger bacon sausage turducken corned beef.', 11, 11, 10, 'kommentar', '2018-05-29 21:53:19'),
(85, 8, 3, 'Bacon ipsum dolor amet jowl sausage doner ground round, turkey meatloaf jerky short ribs leberkas salami pork belly rump fatback chicken venison. Pastrami drumstick pork meatloaf salami, hamburger landjaeger bacon sausage turducken corned beef.', 'Dies ist ein Fließtext Beispiel. Dies ist ein Fließtext Beispiel. Dies ist ein Fließtext Beispiel. Dies ist ein Fließtext Beispiel. Dies ist ein Fließtext Beispiel. Dies ist ein Fließtext Beispiel. Dies ist ein Fließtext Beispiel. Dies ist ein Fließtext Beispiel. Dies ist ein Fließtext Beispiel. Dies ist ein Fließtext Beispiel. Dies ist ein Fließtext Beispiel. Dies ist ein Fließtext Beispiel.', 'Dies ist eine Aufzählung:\n- Aufzählung\n- Aufzählung\n- Aufzählung\n- Aufzählung\n- Aufzählung\n- Aufzählung\n- Aufzählung\n\nFazit. Fazit. Fazit.', 11, 11, 10, 'kommentar', '2018-05-29 21:53:19'),
(86, 72, 2, 'Bacon ipsum dolor amet jowl sausage doner ground round, turkey meatloaf jerky short ribs leberkas salami pork belly rump fatback chicken venison. Pastrami drumstick pork meatloaf salami, hamburger landjaeger bacon sausage turducken corned beef.', 'Dies ist eine Aufzählung:\n- Aufzählung\n- Aufzählung\n- Aufzählung\n- Aufzählung\n- Aufzählung\n- Aufzählung\n- Aufzählung\n\nFazit. Fazit. Fazit.', 'Dies ist ein Fließtext Beispiel. Dies ist ein Fließtext Beispiel. Dies ist ein Fließtext Beispiel. Dies ist ein Fließtext Beispiel. Dies ist ein Fließtext Beispiel. Dies ist ein Fließtext Beispiel. Dies ist ein Fließtext Beispiel. Dies ist ein Fließtext Beispiel. Dies ist ein Fließtext Beispiel. Dies ist ein Fließtext Beispiel. Dies ist ein Fließtext Beispiel. Dies ist ein Fließtext Beispiel.', 11, 8, 2, 'kommentar', '2018-05-29 21:53:19'),
(87, 23, 0, 'Dies ist ein Fließtext Beispiel. Dies ist ein Fließtext Beispiel. Dies ist ein Fließtext Beispiel. Dies ist ein Fließtext Beispiel. Dies ist ein Fließtext Beispiel. Dies ist ein Fließtext Beispiel. Dies ist ein Fließtext Beispiel. Dies ist ein Fließtext Beispiel. Dies ist ein Fließtext Beispiel. Dies ist ein Fließtext Beispiel. Dies ist ein Fließtext Beispiel. Dies ist ein Fließtext Beispiel.', 'Dies ist ein Fließtext Beispiel. Dies ist ein Fließtext Beispiel. Dies ist ein Fließtext Beispiel. Dies ist ein Fließtext Beispiel. Dies ist ein Fließtext Beispiel. Dies ist ein Fließtext Beispiel. Dies ist ein Fließtext Beispiel. Dies ist ein Fließtext Beispiel. Dies ist ein Fließtext Beispiel. Dies ist ein Fließtext Beispiel. Dies ist ein Fließtext Beispiel. Dies ist ein Fließtext Beispiel.', 'Dies ist eine Aufzählung:\n- Aufzählung\n- Aufzählung\n- Aufzählung\n- Aufzählung\n- Aufzählung\n- Aufzählung\n- Aufzählung\n\nFazit. Fazit. Fazit.', 2, 10, 12, 'kommentar', '2018-05-29 21:53:19'),
(88, 51, 3, 'Dies ist eine Aufzählung:\n- Aufzählung\n- Aufzählung\n- Aufzählung\n- Aufzählung\n- Aufzählung\n- Aufzählung\n- Aufzählung\n\nFazit. Fazit. Fazit.', 'Bacon ipsum dolor amet jowl sausage doner ground round, turkey meatloaf jerky short ribs leberkas salami pork belly rump fatback chicken venison. Pastrami drumstick pork meatloaf salami, hamburger landjaeger bacon sausage turducken corned beef.', 'Bacon ipsum dolor amet jowl sausage doner ground round, turkey meatloaf jerky short ribs leberkas salami pork belly rump fatback chicken venison. Pastrami drumstick pork meatloaf salami, hamburger landjaeger bacon sausage turducken corned beef.', 6, 10, 3, 'kommentar', '2018-05-29 21:53:19'),
(89, 71, 2, 'Dies ist ein Fließtext Beispiel. Dies ist ein Fließtext Beispiel. Dies ist ein Fließtext Beispiel. Dies ist ein Fließtext Beispiel. Dies ist ein Fließtext Beispiel. Dies ist ein Fließtext Beispiel. Dies ist ein Fließtext Beispiel. Dies ist ein Fließtext Beispiel. Dies ist ein Fließtext Beispiel. Dies ist ein Fließtext Beispiel. Dies ist ein Fließtext Beispiel. Dies ist ein Fließtext Beispiel.', 'Dies ist ein Fließtext Beispiel. Dies ist ein Fließtext Beispiel. Dies ist ein Fließtext Beispiel. Dies ist ein Fließtext Beispiel. Dies ist ein Fließtext Beispiel. Dies ist ein Fließtext Beispiel. Dies ist ein Fließtext Beispiel. Dies ist ein Fließtext Beispiel. Dies ist ein Fließtext Beispiel. Dies ist ein Fließtext Beispiel. Dies ist ein Fließtext Beispiel. Dies ist ein Fließtext Beispiel.', 'Dies ist eine Aufzählung:\n- Aufzählung\n- Aufzählung\n- Aufzählung\n- Aufzählung\n- Aufzählung\n- Aufzählung\n- Aufzählung\n\nFazit. Fazit. Fazit.', 2, 9, 11, 'kommentar', '2018-05-29 21:53:19'),
(90, 2, 1, 'Bacon ipsum dolor amet jowl sausage doner ground round, turkey meatloaf jerky short ribs leberkas salami pork belly rump fatback chicken venison. Pastrami drumstick pork meatloaf salami, hamburger landjaeger bacon sausage turducken corned beef.', 'Dies ist eine Aufzählung:\n- Aufzählung\n- Aufzählung\n- Aufzählung\n- Aufzählung\n- Aufzählung\n- Aufzählung\n- Aufzählung\n\nFazit. Fazit. Fazit.', 'Bacon ipsum dolor amet jowl sausage doner ground round, turkey meatloaf jerky short ribs leberkas salami pork belly rump fatback chicken venison. Pastrami drumstick pork meatloaf salami, hamburger landjaeger bacon sausage turducken corned beef.', 12, 5, 4, 'kommentar', '2018-05-29 21:53:19'),
(91, 34, 0, 'Bacon ipsum dolor amet jowl sausage doner ground round, turkey meatloaf jerky short ribs leberkas salami pork belly rump fatback chicken venison. Pastrami drumstick pork meatloaf salami, hamburger landjaeger bacon sausage turducken corned beef.', 'Dies ist ein Fließtext Beispiel. Dies ist ein Fließtext Beispiel. Dies ist ein Fließtext Beispiel. Dies ist ein Fließtext Beispiel. Dies ist ein Fließtext Beispiel. Dies ist ein Fließtext Beispiel. Dies ist ein Fließtext Beispiel. Dies ist ein Fließtext Beispiel. Dies ist ein Fließtext Beispiel. Dies ist ein Fließtext Beispiel. Dies ist ein Fließtext Beispiel. Dies ist ein Fließtext Beispiel.', 'Dies ist ein Fließtext Beispiel. Dies ist ein Fließtext Beispiel. Dies ist ein Fließtext Beispiel. Dies ist ein Fließtext Beispiel. Dies ist ein Fließtext Beispiel. Dies ist ein Fließtext Beispiel. Dies ist ein Fließtext Beispiel. Dies ist ein Fließtext Beispiel. Dies ist ein Fließtext Beispiel. Dies ist ein Fließtext Beispiel. Dies ist ein Fließtext Beispiel. Dies ist ein Fließtext Beispiel.', 2, 8, 8, 'kommentar', '2018-05-29 21:53:19'),
(92, 80, 0, 'Dies ist eine Aufzählung:\n- Aufzählung\n- Aufzählung\n- Aufzählung\n- Aufzählung\n- Aufzählung\n- Aufzählung\n- Aufzählung\n\nFazit. Fazit. Fazit.', 'Dies ist eine Aufzählung:\n- Aufzählung\n- Aufzählung\n- Aufzählung\n- Aufzählung\n- Aufzählung\n- Aufzählung\n- Aufzählung\n\nFazit. Fazit. Fazit.', 'Dies ist ein Fließtext Beispiel. Dies ist ein Fließtext Beispiel. Dies ist ein Fließtext Beispiel. Dies ist ein Fließtext Beispiel. Dies ist ein Fließtext Beispiel. Dies ist ein Fließtext Beispiel. Dies ist ein Fließtext Beispiel. Dies ist ein Fließtext Beispiel. Dies ist ein Fließtext Beispiel. Dies ist ein Fließtext Beispiel. Dies ist ein Fließtext Beispiel. Dies ist ein Fließtext Beispiel.', 7, 2, 12, 'kommentar', '2018-05-29 21:53:19'),
(93, 81, 1, 'Dies ist eine Aufzählung:\n- Aufzählung\n- Aufzählung\n- Aufzählung\n- Aufzählung\n- Aufzählung\n- Aufzählung\n- Aufzählung\n\nFazit. Fazit. Fazit.', 'Bacon ipsum dolor amet jowl sausage doner ground round, turkey meatloaf jerky short ribs leberkas salami pork belly rump fatback chicken venison. Pastrami drumstick pork meatloaf salami, hamburger landjaeger bacon sausage turducken corned beef.', 'Dies ist eine Aufzählung:\n- Aufzählung\n- Aufzählung\n- Aufzählung\n- Aufzählung\n- Aufzählung\n- Aufzählung\n- Aufzählung\n\nFazit. Fazit. Fazit.', 10, 10, 5, 'kommentar', '2018-05-29 21:53:19'),
(94, 88, 0, 'Dies ist ein Fließtext Beispiel. Dies ist ein Fließtext Beispiel. Dies ist ein Fließtext Beispiel. Dies ist ein Fließtext Beispiel. Dies ist ein Fließtext Beispiel. Dies ist ein Fließtext Beispiel. Dies ist ein Fließtext Beispiel. Dies ist ein Fließtext Beispiel. Dies ist ein Fließtext Beispiel. Dies ist ein Fließtext Beispiel. Dies ist ein Fließtext Beispiel. Dies ist ein Fließtext Beispiel.', 'Dies ist ein Fließtext Beispiel. Dies ist ein Fließtext Beispiel. Dies ist ein Fließtext Beispiel. Dies ist ein Fließtext Beispiel. Dies ist ein Fließtext Beispiel. Dies ist ein Fließtext Beispiel. Dies ist ein Fließtext Beispiel. Dies ist ein Fließtext Beispiel. Dies ist ein Fließtext Beispiel. Dies ist ein Fließtext Beispiel. Dies ist ein Fließtext Beispiel. Dies ist ein Fließtext Beispiel.', 'Dies ist eine Aufzählung:\n- Aufzählung\n- Aufzählung\n- Aufzählung\n- Aufzählung\n- Aufzählung\n- Aufzählung\n- Aufzählung\n\nFazit. Fazit. Fazit.', 5, 2, 1, 'kommentar', '2018-05-29 21:53:19'),
(95, 56, 1, 'Dies ist ein Fließtext Beispiel. Dies ist ein Fließtext Beispiel. Dies ist ein Fließtext Beispiel. Dies ist ein Fließtext Beispiel. Dies ist ein Fließtext Beispiel. Dies ist ein Fließtext Beispiel. Dies ist ein Fließtext Beispiel. Dies ist ein Fließtext Beispiel. Dies ist ein Fließtext Beispiel. Dies ist ein Fließtext Beispiel. Dies ist ein Fließtext Beispiel. Dies ist ein Fließtext Beispiel.', 'Bacon ipsum dolor amet jowl sausage doner ground round, turkey meatloaf jerky short ribs leberkas salami pork belly rump fatback chicken venison. Pastrami drumstick pork meatloaf salami, hamburger landjaeger bacon sausage turducken corned beef.', 'Dies ist eine Aufzählung:\n- Aufzählung\n- Aufzählung\n- Aufzählung\n- Aufzählung\n- Aufzählung\n- Aufzählung\n- Aufzählung\n\nFazit. Fazit. Fazit.', 2, 3, 9, 'kommentar', '2018-05-29 21:53:19'),
(96, 53, 0, 'Dies ist eine Aufzählung:\n- Aufzählung\n- Aufzählung\n- Aufzählung\n- Aufzählung\n- Aufzählung\n- Aufzählung\n- Aufzählung\n\nFazit. Fazit. Fazit.', 'Bacon ipsum dolor amet jowl sausage doner ground round, turkey meatloaf jerky short ribs leberkas salami pork belly rump fatback chicken venison. Pastrami drumstick pork meatloaf salami, hamburger landjaeger bacon sausage turducken corned beef.', 'Bacon ipsum dolor amet jowl sausage doner ground round, turkey meatloaf jerky short ribs leberkas salami pork belly rump fatback chicken venison. Pastrami drumstick pork meatloaf salami, hamburger landjaeger bacon sausage turducken corned beef.', 1, 3, 1, 'kommentar', '2018-05-29 21:53:19'),
(97, 11, 1, 'Dies ist ein Fließtext Beispiel. Dies ist ein Fließtext Beispiel. Dies ist ein Fließtext Beispiel. Dies ist ein Fließtext Beispiel. Dies ist ein Fließtext Beispiel. Dies ist ein Fließtext Beispiel. Dies ist ein Fließtext Beispiel. Dies ist ein Fließtext Beispiel. Dies ist ein Fließtext Beispiel. Dies ist ein Fließtext Beispiel. Dies ist ein Fließtext Beispiel. Dies ist ein Fließtext Beispiel.', 'Dies ist eine Aufzählung:\n- Aufzählung\n- Aufzählung\n- Aufzählung\n- Aufzählung\n- Aufzählung\n- Aufzählung\n- Aufzählung\n\nFazit. Fazit. Fazit.', 'Dies ist ein Fließtext Beispiel. Dies ist ein Fließtext Beispiel. Dies ist ein Fließtext Beispiel. Dies ist ein Fließtext Beispiel. Dies ist ein Fließtext Beispiel. Dies ist ein Fließtext Beispiel. Dies ist ein Fließtext Beispiel. Dies ist ein Fließtext Beispiel. Dies ist ein Fließtext Beispiel. Dies ist ein Fließtext Beispiel. Dies ist ein Fließtext Beispiel. Dies ist ein Fließtext Beispiel.', 12, 10, 4, 'kommentar', '2018-05-29 21:53:19'),
(98, 44, 1, 'Bacon ipsum dolor amet jowl sausage doner ground round, turkey meatloaf jerky short ribs leberkas salami pork belly rump fatback chicken venison. Pastrami drumstick pork meatloaf salami, hamburger landjaeger bacon sausage turducken corned beef.', 'Dies ist ein Fließtext Beispiel. Dies ist ein Fließtext Beispiel. Dies ist ein Fließtext Beispiel. Dies ist ein Fließtext Beispiel. Dies ist ein Fließtext Beispiel. Dies ist ein Fließtext Beispiel. Dies ist ein Fließtext Beispiel. Dies ist ein Fließtext Beispiel. Dies ist ein Fließtext Beispiel. Dies ist ein Fließtext Beispiel. Dies ist ein Fließtext Beispiel. Dies ist ein Fließtext Beispiel.', 'Dies ist eine Aufzählung:\n- Aufzählung\n- Aufzählung\n- Aufzählung\n- Aufzählung\n- Aufzählung\n- Aufzählung\n- Aufzählung\n\nFazit. Fazit. Fazit.', 10, 3, 12, 'kommentar', '2018-05-29 21:53:19'),
(99, 24, 0, 'Bacon ipsum dolor amet jowl sausage doner ground round, turkey meatloaf jerky short ribs leberkas salami pork belly rump fatback chicken venison. Pastrami drumstick pork meatloaf salami, hamburger landjaeger bacon sausage turducken corned beef.', 'Dies ist ein Fließtext Beispiel. Dies ist ein Fließtext Beispiel. Dies ist ein Fließtext Beispiel. Dies ist ein Fließtext Beispiel. Dies ist ein Fließtext Beispiel. Dies ist ein Fließtext Beispiel. Dies ist ein Fließtext Beispiel. Dies ist ein Fließtext Beispiel. Dies ist ein Fließtext Beispiel. Dies ist ein Fließtext Beispiel. Dies ist ein Fließtext Beispiel. Dies ist ein Fließtext Beispiel.', 'Bacon ipsum dolor amet jowl sausage doner ground round, turkey meatloaf jerky short ribs leberkas salami pork belly rump fatback chicken venison. Pastrami drumstick pork meatloaf salami, hamburger landjaeger bacon sausage turducken corned beef.', 8, 8, 12, 'kommentar', '2018-05-29 21:53:19'),
(100, 102, 0, '', '', '', 0, 0, 0, '', '2018-05-29 21:53:19'),
(101, 103, 0, 'text 1', 'text 2', 'text 3', 10, 11, 12, '', '2018-05-29 21:53:19'),
(102, 104, 0, 'text 1 schlecht', 'text 2 schlecht', 'text 3 schlecht', 1, 2, 3, 'stunden und text korriegieren\r\nCMohr 19.05.2018', '2018-05-29 21:53:19'),
(103, 104, 1, 'text 1 bessser', 'text 2 bessser', 'text 3 bessser', 15, 16, 17, 'Text korrigiern\r\nCMohr 20.05.2018', '2018-05-29 21:53:19'),
(104, 105, 0, 'text 1 ned gut', 'text 2 ned gut', 'text 3 ned gut', 4, 5, 6, 'Text und Stunden anpassen\r\n\r\nCMohr 20.05.2018', '2018-05-29 21:53:19'),
(105, 105, 1, 'text 1 naja ', 'text 1 naja ', 'text 1 naja ', 7, 8, 9, 'Text und Stunden anpassen\r\n\r\nCMohr 20.05.2018', '2018-05-29 21:53:19'),
(106, 105, 2, 'text 1 super', 'text 1 super', 'text 1 super', 20, 30, 40, 'Super jetz passt alles\r\n\r\nCMohr', '2018-05-29 21:53:19'),
(108, 105, 3, 't1', 't2', 't3', 1, 2, 3, 'Com', '2018-05-29 21:53:19'),
(109, 105, 4, 't1', 't2', 't3', 1, 2, 3, 'Com', '2018-05-29 21:53:30'),
(110, 105, 5, 't1', 't2', 't3', 1, 2, 3, 'Com', '2018-05-29 21:58:04'),
(111, 105, 6, 't1', 't2', 't3', 1, 2, 3, 'Com', '2018-05-29 21:59:25'),
(112, 105, 7, 't1', 't2', 't3', 1, 2, 3, 'Com', '2018-05-29 21:59:25');

-- --------------------------------------------------------

--
-- Tabellenstruktur für Tabelle `user`
--

CREATE TABLE `user` (
  `id` bigint(20) NOT NULL,
  `email` varchar(45) COLLATE utf8_german2_ci NOT NULL,
  `password` varchar(200) COLLATE utf8_german2_ci NOT NULL,
  `instructor` tinyint(1) NOT NULL,
  `last_name` varchar(100) COLLATE utf8_german2_ci NOT NULL,
  `first_name` varchar(100) COLLATE utf8_german2_ci NOT NULL,
  `job` varchar(100) COLLATE utf8_german2_ci NOT NULL,
  `educational_year` int(11) NOT NULL,
  `instructor_id` bigint(20) NOT NULL,
  `start_date` date NOT NULL
) ENGINE=InnoDB DEFAULT CHARSET=utf8 COLLATE=utf8_german2_ci;

--
-- TRUNCATE Tabelle vor dem Einfügen `user`
--

TRUNCATE TABLE `user`;
--
-- Daten für Tabelle `user`
--

INSERT INTO `user` (`id`, `email`, `password`, `instructor`, `last_name`, `first_name`, `job`, `educational_year`, `instructor_id`, `start_date`) VALUES
(1, 'cmohr@www.de', '$2a$10$r/.qtGHePQoDvPbNq7NVwOAC6xYYrGSc4sUVEwuoO7r6uxxi7XTcu', 1, 'Mohr', 'Carina', 'Fachinformatikerin', 0, 1, '1970-01-01'),
(2, 'hscharf@www.de', '$2a$10$RRzGBECNlSfxVDjgzP.FfeLUyLNC.dw0pBEK9LOBjZeZ8gZct3pYC', 1, 'Scharf', 'Hans-Otto', 'Elektrotechniker', 0, 2, '1970-01-01'),
(3, 'agruber@www.de', '$2a$10$NkDAOXYHdytl/tU2alVuA.iCGLgmiZ2hwz1C5aC.LRAewKTPuHx9K', 1, 'Gruber', 'Alois', 'IT-Systemelektroniker', 0, 3, '1970-01-01'),
(4, 'jwagner@www.de', '$2a$10$ns9QUOp8G6JR1n2JZXi3S.k79N0cbyNfgsxz00A6ZwRRGVpPF2vRm', 1, 'Wagner', 'John', 'Informatikkaufmann', 0, 4, '1970-01-01'),
(5, 'bschuetze-singer@www.de', '$2a$10$uBmpPeEV13JhRkwGepGPBu0vVoi3/qJAJke/eY/wMzH3Ufy0nx.Su', 1, 'Schütze-Singer', 'Bettina', 'Systeminformatikerin', 0, 5, '1970-01-01'),
(6, 'dkrause@www.de', '$2a$10$OvJYVdONWd7TkSE9XkX3OufVyU0qlbm/1GnJx/NqE0U7CtWNuDqYK', 0, 'Krause', 'Denise', 'IT-Systemkauffrau', 1, 5, '2017-09-01'),
(7, 'emueller@www.de', '$2a$10$GKYjEkNEsOaXSMzuoKL3jenBNS40eRl705r0rfyTRhQLZOEwXF84a', 0, 'Müller', 'Ernst', 'Mathematisch-technischer Softwareentwickler', 1, 5, '2017-09-01'),
(8, 'rnickel@www.de', '$2a$10$RvOmeQO/TujsECEcUFQTBe9D5tu1XCkjJm0tQj2ZUfGnqeIQ6b3b2', 0, 'Nickel', 'Rudolf', 'Systeminformatiker', 1, 3, '2017-09-01'),
(9, 'rmann@www.de', '$2a$10$/1NSs4WA9ws90CtnA.TyMuQETkjaTHIFlmdtZHwC0T88pG.oSCyrC', 0, 'Mann', 'Ronald', 'IT-Systemelektroniker', 2, 1, '2016-09-01'),
(10, 'ereimann@www.de', '$2a$10$Utb/SnQUPohXJ.vNhRTe.uTK937zL.Dq7aFlGUgNy8WCnDYGb43Cq', 0, 'Reimann', 'Eckehard', 'Fachinformatiker Systemintegration', 1, 5, '2017-09-01'),
(11, 'kstadler@www.de', '$2a$10$9f3f8C99T3Vn1ZaABh8g/eyFYHKBaC.Y6uhR0CuM/cYdQ1l3Ig2US', 0, 'Stadler', 'Käte', 'Fachinformatikerin', 1, 1, '2017-09-01'),
(12, 'khofmann-böhme@www.de', '$2a$10$e/fXolnZlV.rm/PsU.H8YuhHCV9ebsp9Dbu2S.9N1MpGWoM5O2Cv6', 0, 'Hofmann-Böhme', 'Klaus-Peter', 'Mathematisch-technischer Softwareentwickler', 3, 1, '2015-09-01'),
(13, 'jschmidt@www.de', '$2a$10$/e879Rci1D8RDYlBDR9gmeiEejbN5RQHhpjsWFqG7PkHCtghlJDqW', 0, 'Schmidt', 'Johanna', 'Fachinformatikerin', 2, 5, '2016-08-01'),
(14, 'nbender@www.de', '$2a$10$jYFp4j3UUY1/SO08KyyE7ORKvu2SjiPDQwUqCk8JrTGtjrzGB0zI.', 0, 'Bender', 'Nikolaos', 'Mathematisch-technischer Softwareentwickler', 1, 3, '2017-08-01'),
(15, 'ksiebert@www.de', '$2a$10$BaA7UW2WaivJKLVKu/q5fOtQT.a.XGcvHzSoRu07/h4yeQcmNltZa', 0, 'Siebert', 'Katharina', 'Informatikkauffrau', 1, 1, '2017-09-01'),
(16, 'wnagel-schumacher@www.de', '$2a$10$J1yhyXktzTbwIOcJVVnTQ.TOgbcQARJ15VbvEKAg1ZT/Zq8.syp8K', 0, 'Nagel-Schumacher', 'Wiebke', 'Fachinformatikerin', 3, 3, '2015-08-01'),
(17, 'kkoester@www.de', '$2a$10$Zf3KZLc.T.6TFYKTBSQhoOFk.KN4U7zuWwdKYcJ19Qi8m.U6Ii/Ta', 0, 'Köster', 'Karl-Heinrich', 'Systeminformatiker', 2, 4, '2016-08-01'),
(18, 'areichel@www.de', '$2a$10$YTBGbtBqGAH9xEP9PA4YXeOP8U.q6MlOQaJ.MOm8e.v7hztrAzxri', 0, 'Reichel', 'Ahmed', 'Fachinformatiker Anwedungsentwicklung', 1, 2, '2017-09-01'),
(19, 'mbrinkmann@www.de', '$2a$10$P35MVlKO5O4Cz1hUQEZJvOid3T2Gw/5M3AtRqXL.qxlqSLPD/nzve', 0, 'Brinkmann', 'Marika', 'Fachinformatikerin Anwedungsentwicklung', 1, 4, '2017-08-01'),
(20, 'uschuler@www.de', '$2a$10$RN/j.yFKee8FyIQDkXJjEOjNcGF1JJl4K6J/PV/FttPbkTUiWzMke', 0, 'Schuler', 'Uli', 'Informatikkaufmann', 3, 1, '2015-08-01'),
(21, 'owalter@www.de', '$2a$10$57ctAbmD4nY4Bz/PJJhnYO1IjPmJpGJ15lLSZUBb7FJAeZ4vzVN62', 0, 'Walter', 'Ortrud', 'Fachinformatikerin Anwedungsentwicklung', 3, 5, '2015-08-01'),
(22, 'ebenz-behrens@www.de', '$2a$10$X/DHwWfpO4uYe3JEnOuwJeRh0lJorovUAOK0iEga9SoBrVgWVeSYC', 0, 'Benz-Behrens', 'Else', 'Technische Assistentin für Informatik', 2, 5, '2016-08-01'),
(23, 'hberg@www.de', '$2a$10$p1Gvtf.JNRIn6AlJlrbsoO9pzqPR7mqPe3G4lJThioJjOnTyUYzZm', 0, 'Berg', 'Harri', 'IT-Systemkaufmann', 3, 4, '2015-08-01'),
(24, 'lkramer-krüger@www.de', '$2a$10$BcN0dD9guLtx6gB2VPgY5.6bcO2CKm97IlAIK4CDtc6piFjjM5DHC', 0, 'Kramer-Krüger', 'Lukas', 'Fachinformatiker Systemintegration', 3, 4, '2015-08-01'),
(25, 'kpeter@www.de', '$2a$10$UTjGlf9MNQCwRaKtxCuUsOqVY.eyWMEV1KhnAuF9oVtGNzJeAZDWy', 0, 'Peter', 'Klaus', 'Mathematisch-technische Softwareentwicklerin', 1, 5, '2017-08-01'),
(26, 'lschiller@www.de', '$2a$10$EuiS.Z/q.7h8XoDsopgbkOs0xhzAaA9woGAfVTFeB7hFdXDMAGSjC', 0, 'Schiller', 'Loni', 'Technische Assistentin für Informatik', 1, 5, '2017-08-01'),
(27, 'jbartels@www.de', '$2a$10$0UWE.vHwz6YZFKOGGBU/3eVqyR5IVwRUi/lFW0pCIX3n4VQmv8LdW', 0, 'Bartels', 'Jens-Uwe', 'Technischer Assistent für Informatik', 3, 5, '2015-09-01'),
(28, 'ekirsch@www.de', '$2a$10$Z21GAXCb4QFBtsxv/lP43unPA9zWx8MHq9TJJQKMBYeJ.1mvOC6IG', 0, 'Kirsch', 'Elise', 'IT-Systemelektronikerin', 1, 4, '2017-08-01'),
(29, 'gwiedemann@www.de', '$2a$10$wVaO6gMbWAh.7pTi3HPzjenMtsR.GkXMiZCW9CztgMID8PrsSWWSC', 0, 'Wiedemann', 'Gebhard', 'Fachinformatiker', 3, 3, '2015-09-01'),
(30, 'ischaefer@www.de', '$2a$10$T17vb6J3JL5hJRXphuQjNuG0XKo6IF0cCg/Fcc35udwwN04fVQBFu', 0, 'Schäfer', 'Inga', 'Mathematisch-technische Softwareentwicklerin', 3, 2, '2015-08-01'),
(31, 'cberg@www.de', '$2a$10$bEsklsQqglOHTBEPZrGhGumH03Py6eQ83/74CMT6iaFp5JYX2Un0G', 0, 'Berg', 'Christopher', 'IT-Systemkaufmann', 1, 2, '2017-09-01'),
(32, 'mmetzger@www.de', '$2a$10$BQ4WOtc.yLJDQCU/NA5Aiuugh/QHn9K87cXXdGPGRspFSLqZG.1XG', 0, 'Metzger', 'Marie-Luise', 'Systeminformatikerin', 2, 4, '2016-08-01'),
(33, 'hklemm@www.de', '$2a$10$p3n0XGQusMNCK2rPcLCWpuSpAQeo7BJWhoKqfT1akY7rHTGZ7dqC2', 0, 'Klemm', 'Hilda', 'Mathematisch-technische Softwareentwicklerin', 2, 5, '2016-09-01'),
(34, 'nschiller@www.de', '$2a$10$zkZ/Y.1fvyNjK2KTHlyuYeWv4a2I4P3KpLqZJ.u73x1X2XU0m5YdC', 0, 'Schiller', 'Natascha', 'Technische Assistentin für Informatik', 1, 3, '2017-08-01'),
(35, 'evetter@www.de', '$2a$10$0A7FN736zUiY6jcN/tziqOMmB2d9rMMb3qvjG4nywexabTa3jp4Je', 0, 'Vetter', 'Eckard', 'IT-Systemkaufmann', 3, 2, '2015-09-01'),
(36, 'skoenig-schueler@www.de', '$2a$10$NYokAMhcJXt6wWMdDGUKjuRl4quG8hzuOh/Gl.VvPQrqhkfOk6R12', 0, 'König-Schüler', 'Sieglinde', 'Fachinformatikerin Anwedungsentwicklung', 2, 1, '2016-08-01'),
(37, 'azubi@www.de', '$2a$10$yw/ccENP4x3KvRV8bqrYVuTtbwTn1zWF06uGtILXAh/py3Vq.7sr.', 0, 'Bubi', 'Azubi', 'Muster Azubi', 2016, 1, '2016-08-01');

--
-- Indizes der exportierten Tabellen
--

--
-- Indizes für die Tabelle `report`
--
ALTER TABLE `report`
  ADD PRIMARY KEY (`id`),
  ADD KEY `user_id` (`user_id`);

--
-- Indizes für die Tabelle `report_revision`
--
ALTER TABLE `report_revision`
  ADD PRIMARY KEY (`id`),
  ADD KEY `report_id` (`report_id`);

--
-- Indizes für die Tabelle `user`
--
ALTER TABLE `user`
  ADD PRIMARY KEY (`id`),
  ADD KEY `instructor_id` (`instructor_id`);

--
-- AUTO_INCREMENT für exportierte Tabellen
--

--
-- AUTO_INCREMENT für Tabelle `report`
--
ALTER TABLE `report`
  MODIFY `id` bigint(20) NOT NULL AUTO_INCREMENT, AUTO_INCREMENT=106;

--
-- AUTO_INCREMENT für Tabelle `report_revision`
--
ALTER TABLE `report_revision`
  MODIFY `id` bigint(20) NOT NULL AUTO_INCREMENT, AUTO_INCREMENT=113;

--
-- AUTO_INCREMENT für Tabelle `user`
--
ALTER TABLE `user`
  MODIFY `id` bigint(20) NOT NULL AUTO_INCREMENT, AUTO_INCREMENT=51;

--
-- Constraints der exportierten Tabellen
--

--
-- Constraints der Tabelle `report`
--
ALTER TABLE `report`
  ADD CONSTRAINT `report_ibfk_1` FOREIGN KEY (`user_id`) REFERENCES `user` (`id`);

--
-- Constraints der Tabelle `report_revision`
--
ALTER TABLE `report_revision`
  ADD CONSTRAINT `report_revision_ibfk_1` FOREIGN KEY (`report_id`) REFERENCES `report` (`id`);

--
-- Constraints der Tabelle `user`
--
ALTER TABLE `user`
  ADD CONSTRAINT `user_ibfk_1` FOREIGN KEY (`instructor_id`) REFERENCES `user` (`id`);
COMMIT;

/*!40101 SET CHARACTER_SET_CLIENT=@OLD_CHARACTER_SET_CLIENT */;
/*!40101 SET CHARACTER_SET_RESULTS=@OLD_CHARACTER_SET_RESULTS */;
/*!40101 SET COLLATION_CONNECTION=@OLD_COLLATION_CONNECTION */;
