-- phpMyAdmin SQL Dump
-- version 4.8.0
-- https://www.phpmyadmin.net/
--
-- Host: db
-- Generation Time: Apr 23, 2018 at 08:23 AM
-- Server version: 10.2.14-MariaDB-10.2.14+maria~jessie
-- PHP Version: 7.2.4

SET SQL_MODE = "NO_AUTO_VALUE_ON_ZERO";
SET AUTOCOMMIT = 0;
START TRANSACTION;
SET time_zone = "+00:00";


/*!40101 SET @OLD_CHARACTER_SET_CLIENT=@@CHARACTER_SET_CLIENT */;
/*!40101 SET @OLD_CHARACTER_SET_RESULTS=@@CHARACTER_SET_RESULTS */;
/*!40101 SET @OLD_COLLATION_CONNECTION=@@COLLATION_CONNECTION */;
/*!40101 SET NAMES utf8mb4 */;

--
-- Database: `swp`
--

CREATE DATABASE swp;
USE swp;

-- --------------------------------------------------------

--
-- Table structure for table `report`
--

CREATE TABLE `report` (
  `id` bigint(20) NOT NULL,
  `date` date NOT NULL,
  `status` int(11) NOT NULL,
  `user_id` bigint(20) NOT NULL
) ENGINE=InnoDB DEFAULT CHARSET=latin1;

--
-- Dumping data for table `report`
--

INSERT INTO `report` (`id`, `date`, `status`, `user_id`) VALUES
(1, '2017-10-14', 2, 13),
(2, '2017-10-30', 1, 11),
(3, '2018-03-26', 0, 18),
(4, '2018-03-12', 0, 23),
(5, '2018-03-04', 1, 20),
(6, '2017-10-15', 2, 26),
(7, '2018-02-07', 2, 14),
(8, '2017-10-23', 0, 24),
(9, '2018-01-24', 1, 33),
(10, '2018-01-11', 0, 18),
(11, '2018-04-13', 2, 19),
(12, '2017-11-24', 2, 24),
(13, '2017-09-18', 1, 21),
(14, '2018-02-13', 3, 11),
(15, '2017-12-02', 0, 13),
(16, '2017-11-16', 1, 29),
(17, '2018-03-02', 3, 10),
(18, '2018-03-07', 0, 25),
(19, '2017-11-13', 0, 35),
(20, '2018-02-26', 1, 7),
(21, '2017-11-23', 0, 18),
(22, '2017-11-05', 2, 16),
(23, '2018-02-02', 1, 34),
(24, '2017-11-01', 0, 11),
(25, '2018-01-16', 3, 21),
(26, '2018-04-10', 3, 28),
(27, '2017-12-14', 1, 11),
(28, '2018-03-06', 0, 31),
(29, '2017-09-05', 2, 35),
(30, '2017-09-24', 2, 32),
(31, '2018-02-19', 3, 15),
(32, '2017-12-03', 0, 7),
(33, '2018-01-01', 0, 11),
(34, '2017-09-25', 2, 9),
(35, '2018-03-23', 1, 17),
(36, '2018-04-03', 1, 22),
(37, '2017-11-01', 1, 20),
(38, '2018-01-16', 2, 33),
(39, '2018-02-01', 3, 22),
(40, '2018-04-12', 3, 17),
(41, '2018-03-25', 2, 6),
(42, '2018-04-17', 0, 22),
(43, '2018-01-18', 1, 30),
(44, '2018-02-24', 2, 31),
(45, '2018-01-21', 2, 20),
(46, '2018-03-28', 3, 12),
(47, '2017-12-13', 1, 34),
(48, '2017-12-11', 1, 7),
(49, '2018-01-19', 0, 36),
(50, '2017-12-28', 0, 19),
(51, '2017-12-26', 3, 33),
(52, '2017-12-10', 0, 29),
(53, '2017-11-15', 0, 8),
(54, '2017-11-07', 3, 9),
(55, '2017-10-13', 0, 14),
(56, '2017-10-21', 0, 11),
(57, '2018-01-31', 1, 7),
(58, '2017-11-10', 1, 27),
(59, '2017-11-06', 0, 11),
(60, '2017-10-10', 3, 27),
(61, '2017-12-17', 3, 29),
(62, '2018-01-26', 0, 15),
(63, '2017-12-23', 2, 18),
(64, '2017-10-10', 2, 23),
(65, '2017-09-20', 2, 30),
(66, '2017-09-08', 2, 31),
(67, '2017-09-27', 1, 16),
(68, '2017-09-01', 2, 19),
(69, '2017-10-25', 0, 17),
(70, '2017-10-09', 1, 19),
(71, '2018-04-05', 3, 33),
(72, '2017-12-25', 3, 34),
(73, '2017-09-01', 2, 11),
(74, '2017-12-08', 3, 8),
(75, '2017-11-13', 2, 13),
(76, '2017-12-06', 1, 25),
(77, '2018-02-18', 0, 24),
(78, '2018-03-10', 2, 7),
(79, '2017-12-30', 0, 22),
(80, '2018-02-07', 0, 16),
(81, '2018-01-01', 3, 9),
(82, '2018-02-08', 1, 23),
(83, '2018-04-11', 0, 30),
(84, '2017-11-15', 1, 17),
(85, '2017-11-20', 2, 12),
(86, '2018-03-17', 1, 8),
(87, '2018-01-13', 0, 24),
(88, '2017-10-26', 0, 30),
(89, '2017-09-07', 0, 23),
(90, '2017-10-05', 3, 9),
(91, '2017-11-09', 3, 14),
(92, '2017-11-09', 1, 15),
(93, '2017-10-27', 0, 13),
(94, '2018-01-14', 1, 15),
(95, '2017-12-26', 2, 18),
(96, '2018-02-16', 1, 15),
(97, '2017-11-09', 2, 19),
(98, '2017-12-13', 2, 23),
(99, '2017-10-06', 2, 19),
(100, '2018-03-19', 2, 19);

-- --------------------------------------------------------

--
-- Table structure for table `report_revision`
--

CREATE TABLE `report_revision` (
  `id` bigint(20) NOT NULL,
  `report_id` bigint(20) NOT NULL,
  `number` int(11) NOT NULL,
  `text1` text DEFAULT NULL,
  `text2` text DEFAULT NULL,
  `text3` text DEFAULT NULL,
  `hours1` int(11) DEFAULT NULL,
  `hours2` int(11) DEFAULT NULL,
  `hours3` int(11) DEFAULT NULL,
  `comment` text DEFAULT NULL
) ENGINE=InnoDB DEFAULT CHARSET=latin1;

--
-- Dumping data for table `report_revision`
--

INSERT INTO `report_revision` (`id`, `report_id`, `number`, `text1`, `text2`, `text3`, `hours1`, `hours2`, `hours3`, `comment`) VALUES
(1, 99, 7, 'Dies ist eine Aufzählung:\n- Aufzählung\n- Aufzählung\n- Aufzählung\n- Aufzählung\n- Aufzählung\n- Aufzählung\n- Aufzählung\n\nFazit. Fazit. Fazit.', 'Dies ist eine Aufzählung:\n- Aufzählung\n- Aufzählung\n- Aufzählung\n- Aufzählung\n- Aufzählung\n- Aufzählung\n- Aufzählung\n\nFazit. Fazit. Fazit.', 'Dies ist ein Fließtext Beispiel. Dies ist ein Fließtext Beispiel. Dies ist ein Fließtext Beispiel. Dies ist ein Fließtext Beispiel. Dies ist ein Fließtext Beispiel. Dies ist ein Fließtext Beispiel. Dies ist ein Fließtext Beispiel. Dies ist ein Fließtext Beispiel. Dies ist ein Fließtext Beispiel. Dies ist ein Fließtext Beispiel. Dies ist ein Fließtext Beispiel. Dies ist ein Fließtext Beispiel.', 8, 12, 4, 'kommentar'),
(2, 20, 7, 'Dies ist eine Aufzählung:\n- Aufzählung\n- Aufzählung\n- Aufzählung\n- Aufzählung\n- Aufzählung\n- Aufzählung\n- Aufzählung\n\nFazit. Fazit. Fazit.', 'Dies ist eine Aufzählung:\n- Aufzählung\n- Aufzählung\n- Aufzählung\n- Aufzählung\n- Aufzählung\n- Aufzählung\n- Aufzählung\n\nFazit. Fazit. Fazit.', 'Bacon ipsum dolor amet jowl sausage doner ground round, turkey meatloaf jerky short ribs leberkas salami pork belly rump fatback chicken venison. Pastrami drumstick pork meatloaf salami, hamburger landjaeger bacon sausage turducken corned beef.', 4, 5, 7, 'kommentar'),
(3, 22, 7, 'Dies ist eine Aufzählung:\n- Aufzählung\n- Aufzählung\n- Aufzählung\n- Aufzählung\n- Aufzählung\n- Aufzählung\n- Aufzählung\n\nFazit. Fazit. Fazit.', 'Dies ist eine Aufzählung:\n- Aufzählung\n- Aufzählung\n- Aufzählung\n- Aufzählung\n- Aufzählung\n- Aufzählung\n- Aufzählung\n\nFazit. Fazit. Fazit.', 'Dies ist ein Fließtext Beispiel. Dies ist ein Fließtext Beispiel. Dies ist ein Fließtext Beispiel. Dies ist ein Fließtext Beispiel. Dies ist ein Fließtext Beispiel. Dies ist ein Fließtext Beispiel. Dies ist ein Fließtext Beispiel. Dies ist ein Fließtext Beispiel. Dies ist ein Fließtext Beispiel. Dies ist ein Fließtext Beispiel. Dies ist ein Fließtext Beispiel. Dies ist ein Fließtext Beispiel.', 11, 10, 11, 'kommentar'),
(4, 86, 10, 'Dies ist ein Fließtext Beispiel. Dies ist ein Fließtext Beispiel. Dies ist ein Fließtext Beispiel. Dies ist ein Fließtext Beispiel. Dies ist ein Fließtext Beispiel. Dies ist ein Fließtext Beispiel. Dies ist ein Fließtext Beispiel. Dies ist ein Fließtext Beispiel. Dies ist ein Fließtext Beispiel. Dies ist ein Fließtext Beispiel. Dies ist ein Fließtext Beispiel. Dies ist ein Fließtext Beispiel.', 'Dies ist eine Aufzählung:\n- Aufzählung\n- Aufzählung\n- Aufzählung\n- Aufzählung\n- Aufzählung\n- Aufzählung\n- Aufzählung\n\nFazit. Fazit. Fazit.', 'Bacon ipsum dolor amet jowl sausage doner ground round, turkey meatloaf jerky short ribs leberkas salami pork belly rump fatback chicken venison. Pastrami drumstick pork meatloaf salami, hamburger landjaeger bacon sausage turducken corned beef.', 6, 11, 7, 'kommentar'),
(5, 2, 7, 'Bacon ipsum dolor amet jowl sausage doner ground round, turkey meatloaf jerky short ribs leberkas salami pork belly rump fatback chicken venison. Pastrami drumstick pork meatloaf salami, hamburger landjaeger bacon sausage turducken corned beef.', 'Dies ist eine Aufzählung:\n- Aufzählung\n- Aufzählung\n- Aufzählung\n- Aufzählung\n- Aufzählung\n- Aufzählung\n- Aufzählung\n\nFazit. Fazit. Fazit.', 'Dies ist ein Fließtext Beispiel. Dies ist ein Fließtext Beispiel. Dies ist ein Fließtext Beispiel. Dies ist ein Fließtext Beispiel. Dies ist ein Fließtext Beispiel. Dies ist ein Fließtext Beispiel. Dies ist ein Fließtext Beispiel. Dies ist ein Fließtext Beispiel. Dies ist ein Fließtext Beispiel. Dies ist ein Fließtext Beispiel. Dies ist ein Fließtext Beispiel. Dies ist ein Fließtext Beispiel.', 11, 4, 3, 'kommentar'),
(6, 9, 7, 'Bacon ipsum dolor amet jowl sausage doner ground round, turkey meatloaf jerky short ribs leberkas salami pork belly rump fatback chicken venison. Pastrami drumstick pork meatloaf salami, hamburger landjaeger bacon sausage turducken corned beef.', 'Bacon ipsum dolor amet jowl sausage doner ground round, turkey meatloaf jerky short ribs leberkas salami pork belly rump fatback chicken venison. Pastrami drumstick pork meatloaf salami, hamburger landjaeger bacon sausage turducken corned beef.', 'Dies ist ein Fließtext Beispiel. Dies ist ein Fließtext Beispiel. Dies ist ein Fließtext Beispiel. Dies ist ein Fließtext Beispiel. Dies ist ein Fließtext Beispiel. Dies ist ein Fließtext Beispiel. Dies ist ein Fließtext Beispiel. Dies ist ein Fließtext Beispiel. Dies ist ein Fließtext Beispiel. Dies ist ein Fließtext Beispiel. Dies ist ein Fließtext Beispiel. Dies ist ein Fließtext Beispiel.', 11, 10, 7, 'kommentar'),
(7, 81, 1, 'Bacon ipsum dolor amet jowl sausage doner ground round, turkey meatloaf jerky short ribs leberkas salami pork belly rump fatback chicken venison. Pastrami drumstick pork meatloaf salami, hamburger landjaeger bacon sausage turducken corned beef.', 'Dies ist eine Aufzählung:\n- Aufzählung\n- Aufzählung\n- Aufzählung\n- Aufzählung\n- Aufzählung\n- Aufzählung\n- Aufzählung\n\nFazit. Fazit. Fazit.', 'Dies ist eine Aufzählung:\n- Aufzählung\n- Aufzählung\n- Aufzählung\n- Aufzählung\n- Aufzählung\n- Aufzählung\n- Aufzählung\n\nFazit. Fazit. Fazit.', 9, 9, 4, 'kommentar'),
(8, 30, 6, 'Dies ist eine Aufzählung:\n- Aufzählung\n- Aufzählung\n- Aufzählung\n- Aufzählung\n- Aufzählung\n- Aufzählung\n- Aufzählung\n\nFazit. Fazit. Fazit.', 'Dies ist eine Aufzählung:\n- Aufzählung\n- Aufzählung\n- Aufzählung\n- Aufzählung\n- Aufzählung\n- Aufzählung\n- Aufzählung\n\nFazit. Fazit. Fazit.', 'Bacon ipsum dolor amet jowl sausage doner ground round, turkey meatloaf jerky short ribs leberkas salami pork belly rump fatback chicken venison. Pastrami drumstick pork meatloaf salami, hamburger landjaeger bacon sausage turducken corned beef.', 8, 2, 5, 'kommentar'),
(9, 85, 10, 'Dies ist eine Aufzählung:\n- Aufzählung\n- Aufzählung\n- Aufzählung\n- Aufzählung\n- Aufzählung\n- Aufzählung\n- Aufzählung\n\nFazit. Fazit. Fazit.', 'Dies ist ein Fließtext Beispiel. Dies ist ein Fließtext Beispiel. Dies ist ein Fließtext Beispiel. Dies ist ein Fließtext Beispiel. Dies ist ein Fließtext Beispiel. Dies ist ein Fließtext Beispiel. Dies ist ein Fließtext Beispiel. Dies ist ein Fließtext Beispiel. Dies ist ein Fließtext Beispiel. Dies ist ein Fließtext Beispiel. Dies ist ein Fließtext Beispiel. Dies ist ein Fließtext Beispiel.', 'Dies ist ein Fließtext Beispiel. Dies ist ein Fließtext Beispiel. Dies ist ein Fließtext Beispiel. Dies ist ein Fließtext Beispiel. Dies ist ein Fließtext Beispiel. Dies ist ein Fließtext Beispiel. Dies ist ein Fließtext Beispiel. Dies ist ein Fließtext Beispiel. Dies ist ein Fließtext Beispiel. Dies ist ein Fließtext Beispiel. Dies ist ein Fließtext Beispiel. Dies ist ein Fließtext Beispiel.', 8, 11, 3, 'kommentar'),
(10, 95, 1, 'Dies ist eine Aufzählung:\n- Aufzählung\n- Aufzählung\n- Aufzählung\n- Aufzählung\n- Aufzählung\n- Aufzählung\n- Aufzählung\n\nFazit. Fazit. Fazit.', 'Dies ist ein Fließtext Beispiel. Dies ist ein Fließtext Beispiel. Dies ist ein Fließtext Beispiel. Dies ist ein Fließtext Beispiel. Dies ist ein Fließtext Beispiel. Dies ist ein Fließtext Beispiel. Dies ist ein Fließtext Beispiel. Dies ist ein Fließtext Beispiel. Dies ist ein Fließtext Beispiel. Dies ist ein Fließtext Beispiel. Dies ist ein Fließtext Beispiel. Dies ist ein Fließtext Beispiel.', 'Dies ist ein Fließtext Beispiel. Dies ist ein Fließtext Beispiel. Dies ist ein Fließtext Beispiel. Dies ist ein Fließtext Beispiel. Dies ist ein Fließtext Beispiel. Dies ist ein Fließtext Beispiel. Dies ist ein Fließtext Beispiel. Dies ist ein Fließtext Beispiel. Dies ist ein Fließtext Beispiel. Dies ist ein Fließtext Beispiel. Dies ist ein Fließtext Beispiel. Dies ist ein Fließtext Beispiel.', 9, 3, 5, 'kommentar'),
(11, 77, 2, 'Dies ist eine Aufzählung:\n- Aufzählung\n- Aufzählung\n- Aufzählung\n- Aufzählung\n- Aufzählung\n- Aufzählung\n- Aufzählung\n\nFazit. Fazit. Fazit.', 'Dies ist ein Fließtext Beispiel. Dies ist ein Fließtext Beispiel. Dies ist ein Fließtext Beispiel. Dies ist ein Fließtext Beispiel. Dies ist ein Fließtext Beispiel. Dies ist ein Fließtext Beispiel. Dies ist ein Fließtext Beispiel. Dies ist ein Fließtext Beispiel. Dies ist ein Fließtext Beispiel. Dies ist ein Fließtext Beispiel. Dies ist ein Fließtext Beispiel. Dies ist ein Fließtext Beispiel.', 'Dies ist ein Fließtext Beispiel. Dies ist ein Fließtext Beispiel. Dies ist ein Fließtext Beispiel. Dies ist ein Fließtext Beispiel. Dies ist ein Fließtext Beispiel. Dies ist ein Fließtext Beispiel. Dies ist ein Fließtext Beispiel. Dies ist ein Fließtext Beispiel. Dies ist ein Fließtext Beispiel. Dies ist ein Fließtext Beispiel. Dies ist ein Fließtext Beispiel. Dies ist ein Fließtext Beispiel.', 6, 5, 12, 'kommentar'),
(12, 4, 9, 'Bacon ipsum dolor amet jowl sausage doner ground round, turkey meatloaf jerky short ribs leberkas salami pork belly rump fatback chicken venison. Pastrami drumstick pork meatloaf salami, hamburger landjaeger bacon sausage turducken corned beef.', 'Bacon ipsum dolor amet jowl sausage doner ground round, turkey meatloaf jerky short ribs leberkas salami pork belly rump fatback chicken venison. Pastrami drumstick pork meatloaf salami, hamburger landjaeger bacon sausage turducken corned beef.', 'Bacon ipsum dolor amet jowl sausage doner ground round, turkey meatloaf jerky short ribs leberkas salami pork belly rump fatback chicken venison. Pastrami drumstick pork meatloaf salami, hamburger landjaeger bacon sausage turducken corned beef.', 11, 10, 4, 'kommentar'),
(13, 4, 5, 'Bacon ipsum dolor amet jowl sausage doner ground round, turkey meatloaf jerky short ribs leberkas salami pork belly rump fatback chicken venison. Pastrami drumstick pork meatloaf salami, hamburger landjaeger bacon sausage turducken corned beef.', 'Bacon ipsum dolor amet jowl sausage doner ground round, turkey meatloaf jerky short ribs leberkas salami pork belly rump fatback chicken venison. Pastrami drumstick pork meatloaf salami, hamburger landjaeger bacon sausage turducken corned beef.', 'Dies ist eine Aufzählung:\n- Aufzählung\n- Aufzählung\n- Aufzählung\n- Aufzählung\n- Aufzählung\n- Aufzählung\n- Aufzählung\n\nFazit. Fazit. Fazit.', 3, 1, 8, 'kommentar'),
(14, 38, 9, 'Dies ist ein Fließtext Beispiel. Dies ist ein Fließtext Beispiel. Dies ist ein Fließtext Beispiel. Dies ist ein Fließtext Beispiel. Dies ist ein Fließtext Beispiel. Dies ist ein Fließtext Beispiel. Dies ist ein Fließtext Beispiel. Dies ist ein Fließtext Beispiel. Dies ist ein Fließtext Beispiel. Dies ist ein Fließtext Beispiel. Dies ist ein Fließtext Beispiel. Dies ist ein Fließtext Beispiel.', 'Bacon ipsum dolor amet jowl sausage doner ground round, turkey meatloaf jerky short ribs leberkas salami pork belly rump fatback chicken venison. Pastrami drumstick pork meatloaf salami, hamburger landjaeger bacon sausage turducken corned beef.', 'Dies ist eine Aufzählung:\n- Aufzählung\n- Aufzählung\n- Aufzählung\n- Aufzählung\n- Aufzählung\n- Aufzählung\n- Aufzählung\n\nFazit. Fazit. Fazit.', 2, 8, 5, 'kommentar'),
(15, 32, 2, 'Dies ist eine Aufzählung:\n- Aufzählung\n- Aufzählung\n- Aufzählung\n- Aufzählung\n- Aufzählung\n- Aufzählung\n- Aufzählung\n\nFazit. Fazit. Fazit.', 'Dies ist eine Aufzählung:\n- Aufzählung\n- Aufzählung\n- Aufzählung\n- Aufzählung\n- Aufzählung\n- Aufzählung\n- Aufzählung\n\nFazit. Fazit. Fazit.', 'Dies ist eine Aufzählung:\n- Aufzählung\n- Aufzählung\n- Aufzählung\n- Aufzählung\n- Aufzählung\n- Aufzählung\n- Aufzählung\n\nFazit. Fazit. Fazit.', 3, 6, 7, 'kommentar'),
(16, 61, 9, 'Bacon ipsum dolor amet jowl sausage doner ground round, turkey meatloaf jerky short ribs leberkas salami pork belly rump fatback chicken venison. Pastrami drumstick pork meatloaf salami, hamburger landjaeger bacon sausage turducken corned beef.', 'Bacon ipsum dolor amet jowl sausage doner ground round, turkey meatloaf jerky short ribs leberkas salami pork belly rump fatback chicken venison. Pastrami drumstick pork meatloaf salami, hamburger landjaeger bacon sausage turducken corned beef.', 'Dies ist eine Aufzählung:\n- Aufzählung\n- Aufzählung\n- Aufzählung\n- Aufzählung\n- Aufzählung\n- Aufzählung\n- Aufzählung\n\nFazit. Fazit. Fazit.', 6, 9, 2, 'kommentar'),
(17, 40, 8, 'Bacon ipsum dolor amet jowl sausage doner ground round, turkey meatloaf jerky short ribs leberkas salami pork belly rump fatback chicken venison. Pastrami drumstick pork meatloaf salami, hamburger landjaeger bacon sausage turducken corned beef.', 'Dies ist eine Aufzählung:\n- Aufzählung\n- Aufzählung\n- Aufzählung\n- Aufzählung\n- Aufzählung\n- Aufzählung\n- Aufzählung\n\nFazit. Fazit. Fazit.', 'Bacon ipsum dolor amet jowl sausage doner ground round, turkey meatloaf jerky short ribs leberkas salami pork belly rump fatback chicken venison. Pastrami drumstick pork meatloaf salami, hamburger landjaeger bacon sausage turducken corned beef.', 2, 7, 6, 'kommentar'),
(18, 51, 9, 'Dies ist eine Aufzählung:\n- Aufzählung\n- Aufzählung\n- Aufzählung\n- Aufzählung\n- Aufzählung\n- Aufzählung\n- Aufzählung\n\nFazit. Fazit. Fazit.', 'Bacon ipsum dolor amet jowl sausage doner ground round, turkey meatloaf jerky short ribs leberkas salami pork belly rump fatback chicken venison. Pastrami drumstick pork meatloaf salami, hamburger landjaeger bacon sausage turducken corned beef.', 'Bacon ipsum dolor amet jowl sausage doner ground round, turkey meatloaf jerky short ribs leberkas salami pork belly rump fatback chicken venison. Pastrami drumstick pork meatloaf salami, hamburger landjaeger bacon sausage turducken corned beef.', 5, 9, 2, 'kommentar'),
(19, 73, 8, 'Dies ist eine Aufzählung:\n- Aufzählung\n- Aufzählung\n- Aufzählung\n- Aufzählung\n- Aufzählung\n- Aufzählung\n- Aufzählung\n\nFazit. Fazit. Fazit.', 'Bacon ipsum dolor amet jowl sausage doner ground round, turkey meatloaf jerky short ribs leberkas salami pork belly rump fatback chicken venison. Pastrami drumstick pork meatloaf salami, hamburger landjaeger bacon sausage turducken corned beef.', 'Dies ist eine Aufzählung:\n- Aufzählung\n- Aufzählung\n- Aufzählung\n- Aufzählung\n- Aufzählung\n- Aufzählung\n- Aufzählung\n\nFazit. Fazit. Fazit.', 11, 4, 5, 'kommentar'),
(20, 38, 2, 'Dies ist ein Fließtext Beispiel. Dies ist ein Fließtext Beispiel. Dies ist ein Fließtext Beispiel. Dies ist ein Fließtext Beispiel. Dies ist ein Fließtext Beispiel. Dies ist ein Fließtext Beispiel. Dies ist ein Fließtext Beispiel. Dies ist ein Fließtext Beispiel. Dies ist ein Fließtext Beispiel. Dies ist ein Fließtext Beispiel. Dies ist ein Fließtext Beispiel. Dies ist ein Fließtext Beispiel.', 'Bacon ipsum dolor amet jowl sausage doner ground round, turkey meatloaf jerky short ribs leberkas salami pork belly rump fatback chicken venison. Pastrami drumstick pork meatloaf salami, hamburger landjaeger bacon sausage turducken corned beef.', 'Dies ist eine Aufzählung:\n- Aufzählung\n- Aufzählung\n- Aufzählung\n- Aufzählung\n- Aufzählung\n- Aufzählung\n- Aufzählung\n\nFazit. Fazit. Fazit.', 6, 9, 12, 'kommentar'),
(21, 95, 8, 'Bacon ipsum dolor amet jowl sausage doner ground round, turkey meatloaf jerky short ribs leberkas salami pork belly rump fatback chicken venison. Pastrami drumstick pork meatloaf salami, hamburger landjaeger bacon sausage turducken corned beef.', 'Dies ist eine Aufzählung:\n- Aufzählung\n- Aufzählung\n- Aufzählung\n- Aufzählung\n- Aufzählung\n- Aufzählung\n- Aufzählung\n\nFazit. Fazit. Fazit.', 'Bacon ipsum dolor amet jowl sausage doner ground round, turkey meatloaf jerky short ribs leberkas salami pork belly rump fatback chicken venison. Pastrami drumstick pork meatloaf salami, hamburger landjaeger bacon sausage turducken corned beef.', 4, 7, 8, 'kommentar'),
(22, 13, 4, 'Dies ist ein Fließtext Beispiel. Dies ist ein Fließtext Beispiel. Dies ist ein Fließtext Beispiel. Dies ist ein Fließtext Beispiel. Dies ist ein Fließtext Beispiel. Dies ist ein Fließtext Beispiel. Dies ist ein Fließtext Beispiel. Dies ist ein Fließtext Beispiel. Dies ist ein Fließtext Beispiel. Dies ist ein Fließtext Beispiel. Dies ist ein Fließtext Beispiel. Dies ist ein Fließtext Beispiel.', 'Bacon ipsum dolor amet jowl sausage doner ground round, turkey meatloaf jerky short ribs leberkas salami pork belly rump fatback chicken venison. Pastrami drumstick pork meatloaf salami, hamburger landjaeger bacon sausage turducken corned beef.', 'Dies ist ein Fließtext Beispiel. Dies ist ein Fließtext Beispiel. Dies ist ein Fließtext Beispiel. Dies ist ein Fließtext Beispiel. Dies ist ein Fließtext Beispiel. Dies ist ein Fließtext Beispiel. Dies ist ein Fließtext Beispiel. Dies ist ein Fließtext Beispiel. Dies ist ein Fließtext Beispiel. Dies ist ein Fließtext Beispiel. Dies ist ein Fließtext Beispiel. Dies ist ein Fließtext Beispiel.', 2, 10, 2, 'kommentar'),
(23, 72, 4, 'Dies ist ein Fließtext Beispiel. Dies ist ein Fließtext Beispiel. Dies ist ein Fließtext Beispiel. Dies ist ein Fließtext Beispiel. Dies ist ein Fließtext Beispiel. Dies ist ein Fließtext Beispiel. Dies ist ein Fließtext Beispiel. Dies ist ein Fließtext Beispiel. Dies ist ein Fließtext Beispiel. Dies ist ein Fließtext Beispiel. Dies ist ein Fließtext Beispiel. Dies ist ein Fließtext Beispiel.', 'Bacon ipsum dolor amet jowl sausage doner ground round, turkey meatloaf jerky short ribs leberkas salami pork belly rump fatback chicken venison. Pastrami drumstick pork meatloaf salami, hamburger landjaeger bacon sausage turducken corned beef.', 'Dies ist eine Aufzählung:\n- Aufzählung\n- Aufzählung\n- Aufzählung\n- Aufzählung\n- Aufzählung\n- Aufzählung\n- Aufzählung\n\nFazit. Fazit. Fazit.', 10, 7, 1, 'kommentar'),
(24, 66, 3, 'Bacon ipsum dolor amet jowl sausage doner ground round, turkey meatloaf jerky short ribs leberkas salami pork belly rump fatback chicken venison. Pastrami drumstick pork meatloaf salami, hamburger landjaeger bacon sausage turducken corned beef.', 'Dies ist ein Fließtext Beispiel. Dies ist ein Fließtext Beispiel. Dies ist ein Fließtext Beispiel. Dies ist ein Fließtext Beispiel. Dies ist ein Fließtext Beispiel. Dies ist ein Fließtext Beispiel. Dies ist ein Fließtext Beispiel. Dies ist ein Fließtext Beispiel. Dies ist ein Fließtext Beispiel. Dies ist ein Fließtext Beispiel. Dies ist ein Fließtext Beispiel. Dies ist ein Fließtext Beispiel.', 'Dies ist eine Aufzählung:\n- Aufzählung\n- Aufzählung\n- Aufzählung\n- Aufzählung\n- Aufzählung\n- Aufzählung\n- Aufzählung\n\nFazit. Fazit. Fazit.', 10, 7, 5, 'kommentar'),
(25, 11, 9, 'Dies ist ein Fließtext Beispiel. Dies ist ein Fließtext Beispiel. Dies ist ein Fließtext Beispiel. Dies ist ein Fließtext Beispiel. Dies ist ein Fließtext Beispiel. Dies ist ein Fließtext Beispiel. Dies ist ein Fließtext Beispiel. Dies ist ein Fließtext Beispiel. Dies ist ein Fließtext Beispiel. Dies ist ein Fließtext Beispiel. Dies ist ein Fließtext Beispiel. Dies ist ein Fließtext Beispiel.', 'Dies ist eine Aufzählung:\n- Aufzählung\n- Aufzählung\n- Aufzählung\n- Aufzählung\n- Aufzählung\n- Aufzählung\n- Aufzählung\n\nFazit. Fazit. Fazit.', 'Bacon ipsum dolor amet jowl sausage doner ground round, turkey meatloaf jerky short ribs leberkas salami pork belly rump fatback chicken venison. Pastrami drumstick pork meatloaf salami, hamburger landjaeger bacon sausage turducken corned beef.', 11, 9, 3, 'kommentar'),
(26, 51, 4, 'Bacon ipsum dolor amet jowl sausage doner ground round, turkey meatloaf jerky short ribs leberkas salami pork belly rump fatback chicken venison. Pastrami drumstick pork meatloaf salami, hamburger landjaeger bacon sausage turducken corned beef.', 'Dies ist eine Aufzählung:\n- Aufzählung\n- Aufzählung\n- Aufzählung\n- Aufzählung\n- Aufzählung\n- Aufzählung\n- Aufzählung\n\nFazit. Fazit. Fazit.', 'Bacon ipsum dolor amet jowl sausage doner ground round, turkey meatloaf jerky short ribs leberkas salami pork belly rump fatback chicken venison. Pastrami drumstick pork meatloaf salami, hamburger landjaeger bacon sausage turducken corned beef.', 6, 7, 3, 'kommentar'),
(27, 61, 5, 'Dies ist ein Fließtext Beispiel. Dies ist ein Fließtext Beispiel. Dies ist ein Fließtext Beispiel. Dies ist ein Fließtext Beispiel. Dies ist ein Fließtext Beispiel. Dies ist ein Fließtext Beispiel. Dies ist ein Fließtext Beispiel. Dies ist ein Fließtext Beispiel. Dies ist ein Fließtext Beispiel. Dies ist ein Fließtext Beispiel. Dies ist ein Fließtext Beispiel. Dies ist ein Fließtext Beispiel.', 'Dies ist ein Fließtext Beispiel. Dies ist ein Fließtext Beispiel. Dies ist ein Fließtext Beispiel. Dies ist ein Fließtext Beispiel. Dies ist ein Fließtext Beispiel. Dies ist ein Fließtext Beispiel. Dies ist ein Fließtext Beispiel. Dies ist ein Fließtext Beispiel. Dies ist ein Fließtext Beispiel. Dies ist ein Fließtext Beispiel. Dies ist ein Fließtext Beispiel. Dies ist ein Fließtext Beispiel.', 'Dies ist ein Fließtext Beispiel. Dies ist ein Fließtext Beispiel. Dies ist ein Fließtext Beispiel. Dies ist ein Fließtext Beispiel. Dies ist ein Fließtext Beispiel. Dies ist ein Fließtext Beispiel. Dies ist ein Fließtext Beispiel. Dies ist ein Fließtext Beispiel. Dies ist ein Fließtext Beispiel. Dies ist ein Fließtext Beispiel. Dies ist ein Fließtext Beispiel. Dies ist ein Fließtext Beispiel.', 2, 3, 12, 'kommentar'),
(28, 21, 7, 'Dies ist eine Aufzählung:\n- Aufzählung\n- Aufzählung\n- Aufzählung\n- Aufzählung\n- Aufzählung\n- Aufzählung\n- Aufzählung\n\nFazit. Fazit. Fazit.', 'Dies ist ein Fließtext Beispiel. Dies ist ein Fließtext Beispiel. Dies ist ein Fließtext Beispiel. Dies ist ein Fließtext Beispiel. Dies ist ein Fließtext Beispiel. Dies ist ein Fließtext Beispiel. Dies ist ein Fließtext Beispiel. Dies ist ein Fließtext Beispiel. Dies ist ein Fließtext Beispiel. Dies ist ein Fließtext Beispiel. Dies ist ein Fließtext Beispiel. Dies ist ein Fließtext Beispiel.', 'Dies ist ein Fließtext Beispiel. Dies ist ein Fließtext Beispiel. Dies ist ein Fließtext Beispiel. Dies ist ein Fließtext Beispiel. Dies ist ein Fließtext Beispiel. Dies ist ein Fließtext Beispiel. Dies ist ein Fließtext Beispiel. Dies ist ein Fließtext Beispiel. Dies ist ein Fließtext Beispiel. Dies ist ein Fließtext Beispiel. Dies ist ein Fließtext Beispiel. Dies ist ein Fließtext Beispiel.', 3, 8, 11, 'kommentar'),
(29, 83, 2, 'Bacon ipsum dolor amet jowl sausage doner ground round, turkey meatloaf jerky short ribs leberkas salami pork belly rump fatback chicken venison. Pastrami drumstick pork meatloaf salami, hamburger landjaeger bacon sausage turducken corned beef.', 'Bacon ipsum dolor amet jowl sausage doner ground round, turkey meatloaf jerky short ribs leberkas salami pork belly rump fatback chicken venison. Pastrami drumstick pork meatloaf salami, hamburger landjaeger bacon sausage turducken corned beef.', 'Dies ist eine Aufzählung:\n- Aufzählung\n- Aufzählung\n- Aufzählung\n- Aufzählung\n- Aufzählung\n- Aufzählung\n- Aufzählung\n\nFazit. Fazit. Fazit.', 11, 11, 3, 'kommentar'),
(30, 39, 2, 'Dies ist ein Fließtext Beispiel. Dies ist ein Fließtext Beispiel. Dies ist ein Fließtext Beispiel. Dies ist ein Fließtext Beispiel. Dies ist ein Fließtext Beispiel. Dies ist ein Fließtext Beispiel. Dies ist ein Fließtext Beispiel. Dies ist ein Fließtext Beispiel. Dies ist ein Fließtext Beispiel. Dies ist ein Fließtext Beispiel. Dies ist ein Fließtext Beispiel. Dies ist ein Fließtext Beispiel.', 'Bacon ipsum dolor amet jowl sausage doner ground round, turkey meatloaf jerky short ribs leberkas salami pork belly rump fatback chicken venison. Pastrami drumstick pork meatloaf salami, hamburger landjaeger bacon sausage turducken corned beef.', 'Bacon ipsum dolor amet jowl sausage doner ground round, turkey meatloaf jerky short ribs leberkas salami pork belly rump fatback chicken venison. Pastrami drumstick pork meatloaf salami, hamburger landjaeger bacon sausage turducken corned beef.', 9, 4, 9, 'kommentar'),
(31, 45, 4, 'Dies ist ein Fließtext Beispiel. Dies ist ein Fließtext Beispiel. Dies ist ein Fließtext Beispiel. Dies ist ein Fließtext Beispiel. Dies ist ein Fließtext Beispiel. Dies ist ein Fließtext Beispiel. Dies ist ein Fließtext Beispiel. Dies ist ein Fließtext Beispiel. Dies ist ein Fließtext Beispiel. Dies ist ein Fließtext Beispiel. Dies ist ein Fließtext Beispiel. Dies ist ein Fließtext Beispiel.', 'Dies ist ein Fließtext Beispiel. Dies ist ein Fließtext Beispiel. Dies ist ein Fließtext Beispiel. Dies ist ein Fließtext Beispiel. Dies ist ein Fließtext Beispiel. Dies ist ein Fließtext Beispiel. Dies ist ein Fließtext Beispiel. Dies ist ein Fließtext Beispiel. Dies ist ein Fließtext Beispiel. Dies ist ein Fließtext Beispiel. Dies ist ein Fließtext Beispiel. Dies ist ein Fließtext Beispiel.', 'Dies ist eine Aufzählung:\n- Aufzählung\n- Aufzählung\n- Aufzählung\n- Aufzählung\n- Aufzählung\n- Aufzählung\n- Aufzählung\n\nFazit. Fazit. Fazit.', 5, 4, 6, 'kommentar'),
(32, 87, 8, 'Dies ist ein Fließtext Beispiel. Dies ist ein Fließtext Beispiel. Dies ist ein Fließtext Beispiel. Dies ist ein Fließtext Beispiel. Dies ist ein Fließtext Beispiel. Dies ist ein Fließtext Beispiel. Dies ist ein Fließtext Beispiel. Dies ist ein Fließtext Beispiel. Dies ist ein Fließtext Beispiel. Dies ist ein Fließtext Beispiel. Dies ist ein Fließtext Beispiel. Dies ist ein Fließtext Beispiel.', 'Dies ist ein Fließtext Beispiel. Dies ist ein Fließtext Beispiel. Dies ist ein Fließtext Beispiel. Dies ist ein Fließtext Beispiel. Dies ist ein Fließtext Beispiel. Dies ist ein Fließtext Beispiel. Dies ist ein Fließtext Beispiel. Dies ist ein Fließtext Beispiel. Dies ist ein Fließtext Beispiel. Dies ist ein Fließtext Beispiel. Dies ist ein Fließtext Beispiel. Dies ist ein Fließtext Beispiel.', 'Dies ist eine Aufzählung:\n- Aufzählung\n- Aufzählung\n- Aufzählung\n- Aufzählung\n- Aufzählung\n- Aufzählung\n- Aufzählung\n\nFazit. Fazit. Fazit.', 4, 10, 8, 'kommentar'),
(33, 99, 9, 'Dies ist ein Fließtext Beispiel. Dies ist ein Fließtext Beispiel. Dies ist ein Fließtext Beispiel. Dies ist ein Fließtext Beispiel. Dies ist ein Fließtext Beispiel. Dies ist ein Fließtext Beispiel. Dies ist ein Fließtext Beispiel. Dies ist ein Fließtext Beispiel. Dies ist ein Fließtext Beispiel. Dies ist ein Fließtext Beispiel. Dies ist ein Fließtext Beispiel. Dies ist ein Fließtext Beispiel.', 'Bacon ipsum dolor amet jowl sausage doner ground round, turkey meatloaf jerky short ribs leberkas salami pork belly rump fatback chicken venison. Pastrami drumstick pork meatloaf salami, hamburger landjaeger bacon sausage turducken corned beef.', 'Dies ist eine Aufzählung:\n- Aufzählung\n- Aufzählung\n- Aufzählung\n- Aufzählung\n- Aufzählung\n- Aufzählung\n- Aufzählung\n\nFazit. Fazit. Fazit.', 1, 8, 4, 'kommentar'),
(34, 49, 2, 'Dies ist ein Fließtext Beispiel. Dies ist ein Fließtext Beispiel. Dies ist ein Fließtext Beispiel. Dies ist ein Fließtext Beispiel. Dies ist ein Fließtext Beispiel. Dies ist ein Fließtext Beispiel. Dies ist ein Fließtext Beispiel. Dies ist ein Fließtext Beispiel. Dies ist ein Fließtext Beispiel. Dies ist ein Fließtext Beispiel. Dies ist ein Fließtext Beispiel. Dies ist ein Fließtext Beispiel.', 'Bacon ipsum dolor amet jowl sausage doner ground round, turkey meatloaf jerky short ribs leberkas salami pork belly rump fatback chicken venison. Pastrami drumstick pork meatloaf salami, hamburger landjaeger bacon sausage turducken corned beef.', 'Bacon ipsum dolor amet jowl sausage doner ground round, turkey meatloaf jerky short ribs leberkas salami pork belly rump fatback chicken venison. Pastrami drumstick pork meatloaf salami, hamburger landjaeger bacon sausage turducken corned beef.', 10, 8, 2, 'kommentar'),
(35, 10, 5, 'Bacon ipsum dolor amet jowl sausage doner ground round, turkey meatloaf jerky short ribs leberkas salami pork belly rump fatback chicken venison. Pastrami drumstick pork meatloaf salami, hamburger landjaeger bacon sausage turducken corned beef.', 'Bacon ipsum dolor amet jowl sausage doner ground round, turkey meatloaf jerky short ribs leberkas salami pork belly rump fatback chicken venison. Pastrami drumstick pork meatloaf salami, hamburger landjaeger bacon sausage turducken corned beef.', 'Dies ist ein Fließtext Beispiel. Dies ist ein Fließtext Beispiel. Dies ist ein Fließtext Beispiel. Dies ist ein Fließtext Beispiel. Dies ist ein Fließtext Beispiel. Dies ist ein Fließtext Beispiel. Dies ist ein Fließtext Beispiel. Dies ist ein Fließtext Beispiel. Dies ist ein Fließtext Beispiel. Dies ist ein Fließtext Beispiel. Dies ist ein Fließtext Beispiel. Dies ist ein Fließtext Beispiel.', 3, 10, 7, 'kommentar'),
(36, 8, 3, 'Dies ist eine Aufzählung:\n- Aufzählung\n- Aufzählung\n- Aufzählung\n- Aufzählung\n- Aufzählung\n- Aufzählung\n- Aufzählung\n\nFazit. Fazit. Fazit.', 'Dies ist ein Fließtext Beispiel. Dies ist ein Fließtext Beispiel. Dies ist ein Fließtext Beispiel. Dies ist ein Fließtext Beispiel. Dies ist ein Fließtext Beispiel. Dies ist ein Fließtext Beispiel. Dies ist ein Fließtext Beispiel. Dies ist ein Fließtext Beispiel. Dies ist ein Fließtext Beispiel. Dies ist ein Fließtext Beispiel. Dies ist ein Fließtext Beispiel. Dies ist ein Fließtext Beispiel.', 'Dies ist eine Aufzählung:\n- Aufzählung\n- Aufzählung\n- Aufzählung\n- Aufzählung\n- Aufzählung\n- Aufzählung\n- Aufzählung\n\nFazit. Fazit. Fazit.', 10, 10, 9, 'kommentar'),
(37, 71, 6, 'Bacon ipsum dolor amet jowl sausage doner ground round, turkey meatloaf jerky short ribs leberkas salami pork belly rump fatback chicken venison. Pastrami drumstick pork meatloaf salami, hamburger landjaeger bacon sausage turducken corned beef.', 'Dies ist ein Fließtext Beispiel. Dies ist ein Fließtext Beispiel. Dies ist ein Fließtext Beispiel. Dies ist ein Fließtext Beispiel. Dies ist ein Fließtext Beispiel. Dies ist ein Fließtext Beispiel. Dies ist ein Fließtext Beispiel. Dies ist ein Fließtext Beispiel. Dies ist ein Fließtext Beispiel. Dies ist ein Fließtext Beispiel. Dies ist ein Fließtext Beispiel. Dies ist ein Fließtext Beispiel.', 'Dies ist eine Aufzählung:\n- Aufzählung\n- Aufzählung\n- Aufzählung\n- Aufzählung\n- Aufzählung\n- Aufzählung\n- Aufzählung\n\nFazit. Fazit. Fazit.', 1, 8, 10, 'kommentar'),
(38, 35, 3, 'Dies ist ein Fließtext Beispiel. Dies ist ein Fließtext Beispiel. Dies ist ein Fließtext Beispiel. Dies ist ein Fließtext Beispiel. Dies ist ein Fließtext Beispiel. Dies ist ein Fließtext Beispiel. Dies ist ein Fließtext Beispiel. Dies ist ein Fließtext Beispiel. Dies ist ein Fließtext Beispiel. Dies ist ein Fließtext Beispiel. Dies ist ein Fließtext Beispiel. Dies ist ein Fließtext Beispiel.', 'Dies ist eine Aufzählung:\n- Aufzählung\n- Aufzählung\n- Aufzählung\n- Aufzählung\n- Aufzählung\n- Aufzählung\n- Aufzählung\n\nFazit. Fazit. Fazit.', 'Bacon ipsum dolor amet jowl sausage doner ground round, turkey meatloaf jerky short ribs leberkas salami pork belly rump fatback chicken venison. Pastrami drumstick pork meatloaf salami, hamburger landjaeger bacon sausage turducken corned beef.', 9, 5, 8, 'kommentar'),
(39, 50, 10, 'Dies ist eine Aufzählung:\n- Aufzählung\n- Aufzählung\n- Aufzählung\n- Aufzählung\n- Aufzählung\n- Aufzählung\n- Aufzählung\n\nFazit. Fazit. Fazit.', 'Dies ist ein Fließtext Beispiel. Dies ist ein Fließtext Beispiel. Dies ist ein Fließtext Beispiel. Dies ist ein Fließtext Beispiel. Dies ist ein Fließtext Beispiel. Dies ist ein Fließtext Beispiel. Dies ist ein Fließtext Beispiel. Dies ist ein Fließtext Beispiel. Dies ist ein Fließtext Beispiel. Dies ist ein Fließtext Beispiel. Dies ist ein Fließtext Beispiel. Dies ist ein Fließtext Beispiel.', 'Bacon ipsum dolor amet jowl sausage doner ground round, turkey meatloaf jerky short ribs leberkas salami pork belly rump fatback chicken venison. Pastrami drumstick pork meatloaf salami, hamburger landjaeger bacon sausage turducken corned beef.', 9, 12, 6, 'kommentar'),
(40, 48, 10, 'Bacon ipsum dolor amet jowl sausage doner ground round, turkey meatloaf jerky short ribs leberkas salami pork belly rump fatback chicken venison. Pastrami drumstick pork meatloaf salami, hamburger landjaeger bacon sausage turducken corned beef.', 'Dies ist eine Aufzählung:\n- Aufzählung\n- Aufzählung\n- Aufzählung\n- Aufzählung\n- Aufzählung\n- Aufzählung\n- Aufzählung\n\nFazit. Fazit. Fazit.', 'Dies ist eine Aufzählung:\n- Aufzählung\n- Aufzählung\n- Aufzählung\n- Aufzählung\n- Aufzählung\n- Aufzählung\n- Aufzählung\n\nFazit. Fazit. Fazit.', 12, 8, 2, 'kommentar'),
(41, 79, 7, 'Bacon ipsum dolor amet jowl sausage doner ground round, turkey meatloaf jerky short ribs leberkas salami pork belly rump fatback chicken venison. Pastrami drumstick pork meatloaf salami, hamburger landjaeger bacon sausage turducken corned beef.', 'Dies ist eine Aufzählung:\n- Aufzählung\n- Aufzählung\n- Aufzählung\n- Aufzählung\n- Aufzählung\n- Aufzählung\n- Aufzählung\n\nFazit. Fazit. Fazit.', 'Bacon ipsum dolor amet jowl sausage doner ground round, turkey meatloaf jerky short ribs leberkas salami pork belly rump fatback chicken venison. Pastrami drumstick pork meatloaf salami, hamburger landjaeger bacon sausage turducken corned beef.', 6, 6, 12, 'kommentar'),
(42, 26, 9, 'Bacon ipsum dolor amet jowl sausage doner ground round, turkey meatloaf jerky short ribs leberkas salami pork belly rump fatback chicken venison. Pastrami drumstick pork meatloaf salami, hamburger landjaeger bacon sausage turducken corned beef.', 'Dies ist eine Aufzählung:\n- Aufzählung\n- Aufzählung\n- Aufzählung\n- Aufzählung\n- Aufzählung\n- Aufzählung\n- Aufzählung\n\nFazit. Fazit. Fazit.', 'Dies ist ein Fließtext Beispiel. Dies ist ein Fließtext Beispiel. Dies ist ein Fließtext Beispiel. Dies ist ein Fließtext Beispiel. Dies ist ein Fließtext Beispiel. Dies ist ein Fließtext Beispiel. Dies ist ein Fließtext Beispiel. Dies ist ein Fließtext Beispiel. Dies ist ein Fließtext Beispiel. Dies ist ein Fließtext Beispiel. Dies ist ein Fließtext Beispiel. Dies ist ein Fließtext Beispiel.', 11, 9, 1, 'kommentar'),
(43, 96, 7, 'Bacon ipsum dolor amet jowl sausage doner ground round, turkey meatloaf jerky short ribs leberkas salami pork belly rump fatback chicken venison. Pastrami drumstick pork meatloaf salami, hamburger landjaeger bacon sausage turducken corned beef.', 'Dies ist eine Aufzählung:\n- Aufzählung\n- Aufzählung\n- Aufzählung\n- Aufzählung\n- Aufzählung\n- Aufzählung\n- Aufzählung\n\nFazit. Fazit. Fazit.', 'Bacon ipsum dolor amet jowl sausage doner ground round, turkey meatloaf jerky short ribs leberkas salami pork belly rump fatback chicken venison. Pastrami drumstick pork meatloaf salami, hamburger landjaeger bacon sausage turducken corned beef.', 10, 12, 12, 'kommentar'),
(44, 64, 3, 'Dies ist eine Aufzählung:\n- Aufzählung\n- Aufzählung\n- Aufzählung\n- Aufzählung\n- Aufzählung\n- Aufzählung\n- Aufzählung\n\nFazit. Fazit. Fazit.', 'Dies ist eine Aufzählung:\n- Aufzählung\n- Aufzählung\n- Aufzählung\n- Aufzählung\n- Aufzählung\n- Aufzählung\n- Aufzählung\n\nFazit. Fazit. Fazit.', 'Bacon ipsum dolor amet jowl sausage doner ground round, turkey meatloaf jerky short ribs leberkas salami pork belly rump fatback chicken venison. Pastrami drumstick pork meatloaf salami, hamburger landjaeger bacon sausage turducken corned beef.', 3, 7, 6, 'kommentar'),
(45, 91, 10, 'Bacon ipsum dolor amet jowl sausage doner ground round, turkey meatloaf jerky short ribs leberkas salami pork belly rump fatback chicken venison. Pastrami drumstick pork meatloaf salami, hamburger landjaeger bacon sausage turducken corned beef.', 'Bacon ipsum dolor amet jowl sausage doner ground round, turkey meatloaf jerky short ribs leberkas salami pork belly rump fatback chicken venison. Pastrami drumstick pork meatloaf salami, hamburger landjaeger bacon sausage turducken corned beef.', 'Dies ist eine Aufzählung:\n- Aufzählung\n- Aufzählung\n- Aufzählung\n- Aufzählung\n- Aufzählung\n- Aufzählung\n- Aufzählung\n\nFazit. Fazit. Fazit.', 5, 12, 7, 'kommentar'),
(46, 71, 5, 'Bacon ipsum dolor amet jowl sausage doner ground round, turkey meatloaf jerky short ribs leberkas salami pork belly rump fatback chicken venison. Pastrami drumstick pork meatloaf salami, hamburger landjaeger bacon sausage turducken corned beef.', 'Dies ist eine Aufzählung:\n- Aufzählung\n- Aufzählung\n- Aufzählung\n- Aufzählung\n- Aufzählung\n- Aufzählung\n- Aufzählung\n\nFazit. Fazit. Fazit.', 'Dies ist ein Fließtext Beispiel. Dies ist ein Fließtext Beispiel. Dies ist ein Fließtext Beispiel. Dies ist ein Fließtext Beispiel. Dies ist ein Fließtext Beispiel. Dies ist ein Fließtext Beispiel. Dies ist ein Fließtext Beispiel. Dies ist ein Fließtext Beispiel. Dies ist ein Fließtext Beispiel. Dies ist ein Fließtext Beispiel. Dies ist ein Fließtext Beispiel. Dies ist ein Fließtext Beispiel.', 12, 1, 7, 'kommentar'),
(47, 36, 3, 'Dies ist eine Aufzählung:\n- Aufzählung\n- Aufzählung\n- Aufzählung\n- Aufzählung\n- Aufzählung\n- Aufzählung\n- Aufzählung\n\nFazit. Fazit. Fazit.', 'Dies ist ein Fließtext Beispiel. Dies ist ein Fließtext Beispiel. Dies ist ein Fließtext Beispiel. Dies ist ein Fließtext Beispiel. Dies ist ein Fließtext Beispiel. Dies ist ein Fließtext Beispiel. Dies ist ein Fließtext Beispiel. Dies ist ein Fließtext Beispiel. Dies ist ein Fließtext Beispiel. Dies ist ein Fließtext Beispiel. Dies ist ein Fließtext Beispiel. Dies ist ein Fließtext Beispiel.', 'Dies ist ein Fließtext Beispiel. Dies ist ein Fließtext Beispiel. Dies ist ein Fließtext Beispiel. Dies ist ein Fließtext Beispiel. Dies ist ein Fließtext Beispiel. Dies ist ein Fließtext Beispiel. Dies ist ein Fließtext Beispiel. Dies ist ein Fließtext Beispiel. Dies ist ein Fließtext Beispiel. Dies ist ein Fließtext Beispiel. Dies ist ein Fließtext Beispiel. Dies ist ein Fließtext Beispiel.', 3, 8, 5, 'kommentar'),
(48, 62, 6, 'Dies ist ein Fließtext Beispiel. Dies ist ein Fließtext Beispiel. Dies ist ein Fließtext Beispiel. Dies ist ein Fließtext Beispiel. Dies ist ein Fließtext Beispiel. Dies ist ein Fließtext Beispiel. Dies ist ein Fließtext Beispiel. Dies ist ein Fließtext Beispiel. Dies ist ein Fließtext Beispiel. Dies ist ein Fließtext Beispiel. Dies ist ein Fließtext Beispiel. Dies ist ein Fließtext Beispiel.', 'Bacon ipsum dolor amet jowl sausage doner ground round, turkey meatloaf jerky short ribs leberkas salami pork belly rump fatback chicken venison. Pastrami drumstick pork meatloaf salami, hamburger landjaeger bacon sausage turducken corned beef.', 'Dies ist ein Fließtext Beispiel. Dies ist ein Fließtext Beispiel. Dies ist ein Fließtext Beispiel. Dies ist ein Fließtext Beispiel. Dies ist ein Fließtext Beispiel. Dies ist ein Fließtext Beispiel. Dies ist ein Fließtext Beispiel. Dies ist ein Fließtext Beispiel. Dies ist ein Fließtext Beispiel. Dies ist ein Fließtext Beispiel. Dies ist ein Fließtext Beispiel. Dies ist ein Fließtext Beispiel.', 2, 5, 2, 'kommentar'),
(49, 60, 7, 'Bacon ipsum dolor amet jowl sausage doner ground round, turkey meatloaf jerky short ribs leberkas salami pork belly rump fatback chicken venison. Pastrami drumstick pork meatloaf salami, hamburger landjaeger bacon sausage turducken corned beef.', 'Dies ist ein Fließtext Beispiel. Dies ist ein Fließtext Beispiel. Dies ist ein Fließtext Beispiel. Dies ist ein Fließtext Beispiel. Dies ist ein Fließtext Beispiel. Dies ist ein Fließtext Beispiel. Dies ist ein Fließtext Beispiel. Dies ist ein Fließtext Beispiel. Dies ist ein Fließtext Beispiel. Dies ist ein Fließtext Beispiel. Dies ist ein Fließtext Beispiel. Dies ist ein Fließtext Beispiel.', 'Dies ist eine Aufzählung:\n- Aufzählung\n- Aufzählung\n- Aufzählung\n- Aufzählung\n- Aufzählung\n- Aufzählung\n- Aufzählung\n\nFazit. Fazit. Fazit.', 1, 4, 11, 'kommentar'),
(50, 21, 6, 'Bacon ipsum dolor amet jowl sausage doner ground round, turkey meatloaf jerky short ribs leberkas salami pork belly rump fatback chicken venison. Pastrami drumstick pork meatloaf salami, hamburger landjaeger bacon sausage turducken corned beef.', 'Dies ist eine Aufzählung:\n- Aufzählung\n- Aufzählung\n- Aufzählung\n- Aufzählung\n- Aufzählung\n- Aufzählung\n- Aufzählung\n\nFazit. Fazit. Fazit.', 'Bacon ipsum dolor amet jowl sausage doner ground round, turkey meatloaf jerky short ribs leberkas salami pork belly rump fatback chicken venison. Pastrami drumstick pork meatloaf salami, hamburger landjaeger bacon sausage turducken corned beef.', 3, 2, 2, 'kommentar'),
(51, 54, 1, 'Dies ist ein Fließtext Beispiel. Dies ist ein Fließtext Beispiel. Dies ist ein Fließtext Beispiel. Dies ist ein Fließtext Beispiel. Dies ist ein Fließtext Beispiel. Dies ist ein Fließtext Beispiel. Dies ist ein Fließtext Beispiel. Dies ist ein Fließtext Beispiel. Dies ist ein Fließtext Beispiel. Dies ist ein Fließtext Beispiel. Dies ist ein Fließtext Beispiel. Dies ist ein Fließtext Beispiel.', 'Dies ist eine Aufzählung:\n- Aufzählung\n- Aufzählung\n- Aufzählung\n- Aufzählung\n- Aufzählung\n- Aufzählung\n- Aufzählung\n\nFazit. Fazit. Fazit.', 'Bacon ipsum dolor amet jowl sausage doner ground round, turkey meatloaf jerky short ribs leberkas salami pork belly rump fatback chicken venison. Pastrami drumstick pork meatloaf salami, hamburger landjaeger bacon sausage turducken corned beef.', 7, 9, 5, 'kommentar'),
(52, 72, 6, 'Dies ist ein Fließtext Beispiel. Dies ist ein Fließtext Beispiel. Dies ist ein Fließtext Beispiel. Dies ist ein Fließtext Beispiel. Dies ist ein Fließtext Beispiel. Dies ist ein Fließtext Beispiel. Dies ist ein Fließtext Beispiel. Dies ist ein Fließtext Beispiel. Dies ist ein Fließtext Beispiel. Dies ist ein Fließtext Beispiel. Dies ist ein Fließtext Beispiel. Dies ist ein Fließtext Beispiel.', 'Dies ist ein Fließtext Beispiel. Dies ist ein Fließtext Beispiel. Dies ist ein Fließtext Beispiel. Dies ist ein Fließtext Beispiel. Dies ist ein Fließtext Beispiel. Dies ist ein Fließtext Beispiel. Dies ist ein Fließtext Beispiel. Dies ist ein Fließtext Beispiel. Dies ist ein Fließtext Beispiel. Dies ist ein Fließtext Beispiel. Dies ist ein Fließtext Beispiel. Dies ist ein Fließtext Beispiel.', 'Dies ist ein Fließtext Beispiel. Dies ist ein Fließtext Beispiel. Dies ist ein Fließtext Beispiel. Dies ist ein Fließtext Beispiel. Dies ist ein Fließtext Beispiel. Dies ist ein Fließtext Beispiel. Dies ist ein Fließtext Beispiel. Dies ist ein Fließtext Beispiel. Dies ist ein Fließtext Beispiel. Dies ist ein Fließtext Beispiel. Dies ist ein Fließtext Beispiel. Dies ist ein Fließtext Beispiel.', 6, 1, 3, 'kommentar'),
(53, 13, 6, 'Dies ist eine Aufzählung:\n- Aufzählung\n- Aufzählung\n- Aufzählung\n- Aufzählung\n- Aufzählung\n- Aufzählung\n- Aufzählung\n\nFazit. Fazit. Fazit.', 'Dies ist eine Aufzählung:\n- Aufzählung\n- Aufzählung\n- Aufzählung\n- Aufzählung\n- Aufzählung\n- Aufzählung\n- Aufzählung\n\nFazit. Fazit. Fazit.', 'Dies ist ein Fließtext Beispiel. Dies ist ein Fließtext Beispiel. Dies ist ein Fließtext Beispiel. Dies ist ein Fließtext Beispiel. Dies ist ein Fließtext Beispiel. Dies ist ein Fließtext Beispiel. Dies ist ein Fließtext Beispiel. Dies ist ein Fließtext Beispiel. Dies ist ein Fließtext Beispiel. Dies ist ein Fließtext Beispiel. Dies ist ein Fließtext Beispiel. Dies ist ein Fließtext Beispiel.', 3, 11, 4, 'kommentar'),
(54, 56, 10, 'Dies ist ein Fließtext Beispiel. Dies ist ein Fließtext Beispiel. Dies ist ein Fließtext Beispiel. Dies ist ein Fließtext Beispiel. Dies ist ein Fließtext Beispiel. Dies ist ein Fließtext Beispiel. Dies ist ein Fließtext Beispiel. Dies ist ein Fließtext Beispiel. Dies ist ein Fließtext Beispiel. Dies ist ein Fließtext Beispiel. Dies ist ein Fließtext Beispiel. Dies ist ein Fließtext Beispiel.', 'Bacon ipsum dolor amet jowl sausage doner ground round, turkey meatloaf jerky short ribs leberkas salami pork belly rump fatback chicken venison. Pastrami drumstick pork meatloaf salami, hamburger landjaeger bacon sausage turducken corned beef.', 'Dies ist eine Aufzählung:\n- Aufzählung\n- Aufzählung\n- Aufzählung\n- Aufzählung\n- Aufzählung\n- Aufzählung\n- Aufzählung\n\nFazit. Fazit. Fazit.', 1, 2, 8, 'kommentar'),
(55, 78, 2, 'Dies ist eine Aufzählung:\n- Aufzählung\n- Aufzählung\n- Aufzählung\n- Aufzählung\n- Aufzählung\n- Aufzählung\n- Aufzählung\n\nFazit. Fazit. Fazit.', 'Dies ist eine Aufzählung:\n- Aufzählung\n- Aufzählung\n- Aufzählung\n- Aufzählung\n- Aufzählung\n- Aufzählung\n- Aufzählung\n\nFazit. Fazit. Fazit.', 'Dies ist eine Aufzählung:\n- Aufzählung\n- Aufzählung\n- Aufzählung\n- Aufzählung\n- Aufzählung\n- Aufzählung\n- Aufzählung\n\nFazit. Fazit. Fazit.', 3, 4, 4, 'kommentar'),
(56, 69, 9, 'Dies ist eine Aufzählung:\n- Aufzählung\n- Aufzählung\n- Aufzählung\n- Aufzählung\n- Aufzählung\n- Aufzählung\n- Aufzählung\n\nFazit. Fazit. Fazit.', 'Bacon ipsum dolor amet jowl sausage doner ground round, turkey meatloaf jerky short ribs leberkas salami pork belly rump fatback chicken venison. Pastrami drumstick pork meatloaf salami, hamburger landjaeger bacon sausage turducken corned beef.', 'Dies ist eine Aufzählung:\n- Aufzählung\n- Aufzählung\n- Aufzählung\n- Aufzählung\n- Aufzählung\n- Aufzählung\n- Aufzählung\n\nFazit. Fazit. Fazit.', 7, 6, 6, 'kommentar'),
(57, 66, 7, 'Dies ist eine Aufzählung:\n- Aufzählung\n- Aufzählung\n- Aufzählung\n- Aufzählung\n- Aufzählung\n- Aufzählung\n- Aufzählung\n\nFazit. Fazit. Fazit.', 'Dies ist ein Fließtext Beispiel. Dies ist ein Fließtext Beispiel. Dies ist ein Fließtext Beispiel. Dies ist ein Fließtext Beispiel. Dies ist ein Fließtext Beispiel. Dies ist ein Fließtext Beispiel. Dies ist ein Fließtext Beispiel. Dies ist ein Fließtext Beispiel. Dies ist ein Fließtext Beispiel. Dies ist ein Fließtext Beispiel. Dies ist ein Fließtext Beispiel. Dies ist ein Fließtext Beispiel.', 'Dies ist ein Fließtext Beispiel. Dies ist ein Fließtext Beispiel. Dies ist ein Fließtext Beispiel. Dies ist ein Fließtext Beispiel. Dies ist ein Fließtext Beispiel. Dies ist ein Fließtext Beispiel. Dies ist ein Fließtext Beispiel. Dies ist ein Fließtext Beispiel. Dies ist ein Fließtext Beispiel. Dies ist ein Fließtext Beispiel. Dies ist ein Fließtext Beispiel. Dies ist ein Fließtext Beispiel.', 10, 1, 9, 'kommentar'),
(58, 44, 1, 'Dies ist ein Fließtext Beispiel. Dies ist ein Fließtext Beispiel. Dies ist ein Fließtext Beispiel. Dies ist ein Fließtext Beispiel. Dies ist ein Fließtext Beispiel. Dies ist ein Fließtext Beispiel. Dies ist ein Fließtext Beispiel. Dies ist ein Fließtext Beispiel. Dies ist ein Fließtext Beispiel. Dies ist ein Fließtext Beispiel. Dies ist ein Fließtext Beispiel. Dies ist ein Fließtext Beispiel.', 'Bacon ipsum dolor amet jowl sausage doner ground round, turkey meatloaf jerky short ribs leberkas salami pork belly rump fatback chicken venison. Pastrami drumstick pork meatloaf salami, hamburger landjaeger bacon sausage turducken corned beef.', 'Bacon ipsum dolor amet jowl sausage doner ground round, turkey meatloaf jerky short ribs leberkas salami pork belly rump fatback chicken venison. Pastrami drumstick pork meatloaf salami, hamburger landjaeger bacon sausage turducken corned beef.', 9, 2, 11, 'kommentar'),
(59, 13, 9, 'Dies ist eine Aufzählung:\n- Aufzählung\n- Aufzählung\n- Aufzählung\n- Aufzählung\n- Aufzählung\n- Aufzählung\n- Aufzählung\n\nFazit. Fazit. Fazit.', 'Dies ist eine Aufzählung:\n- Aufzählung\n- Aufzählung\n- Aufzählung\n- Aufzählung\n- Aufzählung\n- Aufzählung\n- Aufzählung\n\nFazit. Fazit. Fazit.', 'Bacon ipsum dolor amet jowl sausage doner ground round, turkey meatloaf jerky short ribs leberkas salami pork belly rump fatback chicken venison. Pastrami drumstick pork meatloaf salami, hamburger landjaeger bacon sausage turducken corned beef.', 3, 11, 1, 'kommentar'),
(60, 93, 10, 'Dies ist eine Aufzählung:\n- Aufzählung\n- Aufzählung\n- Aufzählung\n- Aufzählung\n- Aufzählung\n- Aufzählung\n- Aufzählung\n\nFazit. Fazit. Fazit.', 'Dies ist ein Fließtext Beispiel. Dies ist ein Fließtext Beispiel. Dies ist ein Fließtext Beispiel. Dies ist ein Fließtext Beispiel. Dies ist ein Fließtext Beispiel. Dies ist ein Fließtext Beispiel. Dies ist ein Fließtext Beispiel. Dies ist ein Fließtext Beispiel. Dies ist ein Fließtext Beispiel. Dies ist ein Fließtext Beispiel. Dies ist ein Fließtext Beispiel. Dies ist ein Fließtext Beispiel.', 'Dies ist eine Aufzählung:\n- Aufzählung\n- Aufzählung\n- Aufzählung\n- Aufzählung\n- Aufzählung\n- Aufzählung\n- Aufzählung\n\nFazit. Fazit. Fazit.', 8, 6, 10, 'kommentar'),
(61, 87, 8, 'Bacon ipsum dolor amet jowl sausage doner ground round, turkey meatloaf jerky short ribs leberkas salami pork belly rump fatback chicken venison. Pastrami drumstick pork meatloaf salami, hamburger landjaeger bacon sausage turducken corned beef.', 'Dies ist ein Fließtext Beispiel. Dies ist ein Fließtext Beispiel. Dies ist ein Fließtext Beispiel. Dies ist ein Fließtext Beispiel. Dies ist ein Fließtext Beispiel. Dies ist ein Fließtext Beispiel. Dies ist ein Fließtext Beispiel. Dies ist ein Fließtext Beispiel. Dies ist ein Fließtext Beispiel. Dies ist ein Fließtext Beispiel. Dies ist ein Fließtext Beispiel. Dies ist ein Fließtext Beispiel.', 'Dies ist ein Fließtext Beispiel. Dies ist ein Fließtext Beispiel. Dies ist ein Fließtext Beispiel. Dies ist ein Fließtext Beispiel. Dies ist ein Fließtext Beispiel. Dies ist ein Fließtext Beispiel. Dies ist ein Fließtext Beispiel. Dies ist ein Fließtext Beispiel. Dies ist ein Fließtext Beispiel. Dies ist ein Fließtext Beispiel. Dies ist ein Fließtext Beispiel. Dies ist ein Fließtext Beispiel.', 3, 2, 7, 'kommentar');
INSERT INTO `report_revision` (`id`, `report_id`, `number`, `text1`, `text2`, `text3`, `hours1`, `hours2`, `hours3`, `comment`) VALUES
(62, 97, 3, 'Bacon ipsum dolor amet jowl sausage doner ground round, turkey meatloaf jerky short ribs leberkas salami pork belly rump fatback chicken venison. Pastrami drumstick pork meatloaf salami, hamburger landjaeger bacon sausage turducken corned beef.', 'Bacon ipsum dolor amet jowl sausage doner ground round, turkey meatloaf jerky short ribs leberkas salami pork belly rump fatback chicken venison. Pastrami drumstick pork meatloaf salami, hamburger landjaeger bacon sausage turducken corned beef.', 'Dies ist ein Fließtext Beispiel. Dies ist ein Fließtext Beispiel. Dies ist ein Fließtext Beispiel. Dies ist ein Fließtext Beispiel. Dies ist ein Fließtext Beispiel. Dies ist ein Fließtext Beispiel. Dies ist ein Fließtext Beispiel. Dies ist ein Fließtext Beispiel. Dies ist ein Fließtext Beispiel. Dies ist ein Fließtext Beispiel. Dies ist ein Fließtext Beispiel. Dies ist ein Fließtext Beispiel.', 4, 10, 8, 'kommentar'),
(63, 86, 8, 'Dies ist eine Aufzählung:\n- Aufzählung\n- Aufzählung\n- Aufzählung\n- Aufzählung\n- Aufzählung\n- Aufzählung\n- Aufzählung\n\nFazit. Fazit. Fazit.', 'Dies ist ein Fließtext Beispiel. Dies ist ein Fließtext Beispiel. Dies ist ein Fließtext Beispiel. Dies ist ein Fließtext Beispiel. Dies ist ein Fließtext Beispiel. Dies ist ein Fließtext Beispiel. Dies ist ein Fließtext Beispiel. Dies ist ein Fließtext Beispiel. Dies ist ein Fließtext Beispiel. Dies ist ein Fließtext Beispiel. Dies ist ein Fließtext Beispiel. Dies ist ein Fließtext Beispiel.', 'Bacon ipsum dolor amet jowl sausage doner ground round, turkey meatloaf jerky short ribs leberkas salami pork belly rump fatback chicken venison. Pastrami drumstick pork meatloaf salami, hamburger landjaeger bacon sausage turducken corned beef.', 10, 3, 5, 'kommentar'),
(64, 85, 5, 'Dies ist ein Fließtext Beispiel. Dies ist ein Fließtext Beispiel. Dies ist ein Fließtext Beispiel. Dies ist ein Fließtext Beispiel. Dies ist ein Fließtext Beispiel. Dies ist ein Fließtext Beispiel. Dies ist ein Fließtext Beispiel. Dies ist ein Fließtext Beispiel. Dies ist ein Fließtext Beispiel. Dies ist ein Fließtext Beispiel. Dies ist ein Fließtext Beispiel. Dies ist ein Fließtext Beispiel.', 'Dies ist ein Fließtext Beispiel. Dies ist ein Fließtext Beispiel. Dies ist ein Fließtext Beispiel. Dies ist ein Fließtext Beispiel. Dies ist ein Fließtext Beispiel. Dies ist ein Fließtext Beispiel. Dies ist ein Fließtext Beispiel. Dies ist ein Fließtext Beispiel. Dies ist ein Fließtext Beispiel. Dies ist ein Fließtext Beispiel. Dies ist ein Fließtext Beispiel. Dies ist ein Fließtext Beispiel.', 'Dies ist eine Aufzählung:\n- Aufzählung\n- Aufzählung\n- Aufzählung\n- Aufzählung\n- Aufzählung\n- Aufzählung\n- Aufzählung\n\nFazit. Fazit. Fazit.', 9, 11, 10, 'kommentar'),
(65, 28, 1, 'Bacon ipsum dolor amet jowl sausage doner ground round, turkey meatloaf jerky short ribs leberkas salami pork belly rump fatback chicken venison. Pastrami drumstick pork meatloaf salami, hamburger landjaeger bacon sausage turducken corned beef.', 'Dies ist eine Aufzählung:\n- Aufzählung\n- Aufzählung\n- Aufzählung\n- Aufzählung\n- Aufzählung\n- Aufzählung\n- Aufzählung\n\nFazit. Fazit. Fazit.', 'Bacon ipsum dolor amet jowl sausage doner ground round, turkey meatloaf jerky short ribs leberkas salami pork belly rump fatback chicken venison. Pastrami drumstick pork meatloaf salami, hamburger landjaeger bacon sausage turducken corned beef.', 5, 2, 7, 'kommentar'),
(66, 63, 10, 'Dies ist eine Aufzählung:\n- Aufzählung\n- Aufzählung\n- Aufzählung\n- Aufzählung\n- Aufzählung\n- Aufzählung\n- Aufzählung\n\nFazit. Fazit. Fazit.', 'Bacon ipsum dolor amet jowl sausage doner ground round, turkey meatloaf jerky short ribs leberkas salami pork belly rump fatback chicken venison. Pastrami drumstick pork meatloaf salami, hamburger landjaeger bacon sausage turducken corned beef.', 'Dies ist eine Aufzählung:\n- Aufzählung\n- Aufzählung\n- Aufzählung\n- Aufzählung\n- Aufzählung\n- Aufzählung\n- Aufzählung\n\nFazit. Fazit. Fazit.', 9, 1, 11, 'kommentar'),
(67, 64, 1, 'Dies ist ein Fließtext Beispiel. Dies ist ein Fließtext Beispiel. Dies ist ein Fließtext Beispiel. Dies ist ein Fließtext Beispiel. Dies ist ein Fließtext Beispiel. Dies ist ein Fließtext Beispiel. Dies ist ein Fließtext Beispiel. Dies ist ein Fließtext Beispiel. Dies ist ein Fließtext Beispiel. Dies ist ein Fließtext Beispiel. Dies ist ein Fließtext Beispiel. Dies ist ein Fließtext Beispiel.', 'Dies ist ein Fließtext Beispiel. Dies ist ein Fließtext Beispiel. Dies ist ein Fließtext Beispiel. Dies ist ein Fließtext Beispiel. Dies ist ein Fließtext Beispiel. Dies ist ein Fließtext Beispiel. Dies ist ein Fließtext Beispiel. Dies ist ein Fließtext Beispiel. Dies ist ein Fließtext Beispiel. Dies ist ein Fließtext Beispiel. Dies ist ein Fließtext Beispiel. Dies ist ein Fließtext Beispiel.', 'Dies ist ein Fließtext Beispiel. Dies ist ein Fließtext Beispiel. Dies ist ein Fließtext Beispiel. Dies ist ein Fließtext Beispiel. Dies ist ein Fließtext Beispiel. Dies ist ein Fließtext Beispiel. Dies ist ein Fließtext Beispiel. Dies ist ein Fließtext Beispiel. Dies ist ein Fließtext Beispiel. Dies ist ein Fließtext Beispiel. Dies ist ein Fließtext Beispiel. Dies ist ein Fließtext Beispiel.', 8, 12, 12, 'kommentar'),
(68, 51, 4, 'Dies ist ein Fließtext Beispiel. Dies ist ein Fließtext Beispiel. Dies ist ein Fließtext Beispiel. Dies ist ein Fließtext Beispiel. Dies ist ein Fließtext Beispiel. Dies ist ein Fließtext Beispiel. Dies ist ein Fließtext Beispiel. Dies ist ein Fließtext Beispiel. Dies ist ein Fließtext Beispiel. Dies ist ein Fließtext Beispiel. Dies ist ein Fließtext Beispiel. Dies ist ein Fließtext Beispiel.', 'Dies ist eine Aufzählung:\n- Aufzählung\n- Aufzählung\n- Aufzählung\n- Aufzählung\n- Aufzählung\n- Aufzählung\n- Aufzählung\n\nFazit. Fazit. Fazit.', 'Dies ist eine Aufzählung:\n- Aufzählung\n- Aufzählung\n- Aufzählung\n- Aufzählung\n- Aufzählung\n- Aufzählung\n- Aufzählung\n\nFazit. Fazit. Fazit.', 8, 7, 5, 'kommentar'),
(69, 89, 4, 'Dies ist eine Aufzählung:\n- Aufzählung\n- Aufzählung\n- Aufzählung\n- Aufzählung\n- Aufzählung\n- Aufzählung\n- Aufzählung\n\nFazit. Fazit. Fazit.', 'Dies ist ein Fließtext Beispiel. Dies ist ein Fließtext Beispiel. Dies ist ein Fließtext Beispiel. Dies ist ein Fließtext Beispiel. Dies ist ein Fließtext Beispiel. Dies ist ein Fließtext Beispiel. Dies ist ein Fließtext Beispiel. Dies ist ein Fließtext Beispiel. Dies ist ein Fließtext Beispiel. Dies ist ein Fließtext Beispiel. Dies ist ein Fließtext Beispiel. Dies ist ein Fließtext Beispiel.', 'Dies ist eine Aufzählung:\n- Aufzählung\n- Aufzählung\n- Aufzählung\n- Aufzählung\n- Aufzählung\n- Aufzählung\n- Aufzählung\n\nFazit. Fazit. Fazit.', 1, 1, 10, 'kommentar'),
(70, 15, 2, 'Dies ist ein Fließtext Beispiel. Dies ist ein Fließtext Beispiel. Dies ist ein Fließtext Beispiel. Dies ist ein Fließtext Beispiel. Dies ist ein Fließtext Beispiel. Dies ist ein Fließtext Beispiel. Dies ist ein Fließtext Beispiel. Dies ist ein Fließtext Beispiel. Dies ist ein Fließtext Beispiel. Dies ist ein Fließtext Beispiel. Dies ist ein Fließtext Beispiel. Dies ist ein Fließtext Beispiel.', 'Dies ist eine Aufzählung:\n- Aufzählung\n- Aufzählung\n- Aufzählung\n- Aufzählung\n- Aufzählung\n- Aufzählung\n- Aufzählung\n\nFazit. Fazit. Fazit.', 'Dies ist eine Aufzählung:\n- Aufzählung\n- Aufzählung\n- Aufzählung\n- Aufzählung\n- Aufzählung\n- Aufzählung\n- Aufzählung\n\nFazit. Fazit. Fazit.', 5, 5, 12, 'kommentar'),
(71, 57, 10, 'Dies ist eine Aufzählung:\n- Aufzählung\n- Aufzählung\n- Aufzählung\n- Aufzählung\n- Aufzählung\n- Aufzählung\n- Aufzählung\n\nFazit. Fazit. Fazit.', 'Dies ist eine Aufzählung:\n- Aufzählung\n- Aufzählung\n- Aufzählung\n- Aufzählung\n- Aufzählung\n- Aufzählung\n- Aufzählung\n\nFazit. Fazit. Fazit.', 'Dies ist eine Aufzählung:\n- Aufzählung\n- Aufzählung\n- Aufzählung\n- Aufzählung\n- Aufzählung\n- Aufzählung\n- Aufzählung\n\nFazit. Fazit. Fazit.', 7, 6, 2, 'kommentar'),
(72, 9, 5, 'Dies ist eine Aufzählung:\n- Aufzählung\n- Aufzählung\n- Aufzählung\n- Aufzählung\n- Aufzählung\n- Aufzählung\n- Aufzählung\n\nFazit. Fazit. Fazit.', 'Dies ist ein Fließtext Beispiel. Dies ist ein Fließtext Beispiel. Dies ist ein Fließtext Beispiel. Dies ist ein Fließtext Beispiel. Dies ist ein Fließtext Beispiel. Dies ist ein Fließtext Beispiel. Dies ist ein Fließtext Beispiel. Dies ist ein Fließtext Beispiel. Dies ist ein Fließtext Beispiel. Dies ist ein Fließtext Beispiel. Dies ist ein Fließtext Beispiel. Dies ist ein Fließtext Beispiel.', 'Bacon ipsum dolor amet jowl sausage doner ground round, turkey meatloaf jerky short ribs leberkas salami pork belly rump fatback chicken venison. Pastrami drumstick pork meatloaf salami, hamburger landjaeger bacon sausage turducken corned beef.', 6, 8, 4, 'kommentar'),
(73, 39, 10, 'Bacon ipsum dolor amet jowl sausage doner ground round, turkey meatloaf jerky short ribs leberkas salami pork belly rump fatback chicken venison. Pastrami drumstick pork meatloaf salami, hamburger landjaeger bacon sausage turducken corned beef.', 'Dies ist eine Aufzählung:\n- Aufzählung\n- Aufzählung\n- Aufzählung\n- Aufzählung\n- Aufzählung\n- Aufzählung\n- Aufzählung\n\nFazit. Fazit. Fazit.', 'Dies ist ein Fließtext Beispiel. Dies ist ein Fließtext Beispiel. Dies ist ein Fließtext Beispiel. Dies ist ein Fließtext Beispiel. Dies ist ein Fließtext Beispiel. Dies ist ein Fließtext Beispiel. Dies ist ein Fließtext Beispiel. Dies ist ein Fließtext Beispiel. Dies ist ein Fließtext Beispiel. Dies ist ein Fließtext Beispiel. Dies ist ein Fließtext Beispiel. Dies ist ein Fließtext Beispiel.', 6, 3, 11, 'kommentar'),
(74, 15, 3, 'Dies ist eine Aufzählung:\n- Aufzählung\n- Aufzählung\n- Aufzählung\n- Aufzählung\n- Aufzählung\n- Aufzählung\n- Aufzählung\n\nFazit. Fazit. Fazit.', 'Dies ist eine Aufzählung:\n- Aufzählung\n- Aufzählung\n- Aufzählung\n- Aufzählung\n- Aufzählung\n- Aufzählung\n- Aufzählung\n\nFazit. Fazit. Fazit.', 'Dies ist ein Fließtext Beispiel. Dies ist ein Fließtext Beispiel. Dies ist ein Fließtext Beispiel. Dies ist ein Fließtext Beispiel. Dies ist ein Fließtext Beispiel. Dies ist ein Fließtext Beispiel. Dies ist ein Fließtext Beispiel. Dies ist ein Fließtext Beispiel. Dies ist ein Fließtext Beispiel. Dies ist ein Fließtext Beispiel. Dies ist ein Fließtext Beispiel. Dies ist ein Fließtext Beispiel.', 11, 1, 6, 'kommentar'),
(75, 16, 10, 'Dies ist ein Fließtext Beispiel. Dies ist ein Fließtext Beispiel. Dies ist ein Fließtext Beispiel. Dies ist ein Fließtext Beispiel. Dies ist ein Fließtext Beispiel. Dies ist ein Fließtext Beispiel. Dies ist ein Fließtext Beispiel. Dies ist ein Fließtext Beispiel. Dies ist ein Fließtext Beispiel. Dies ist ein Fließtext Beispiel. Dies ist ein Fließtext Beispiel. Dies ist ein Fließtext Beispiel.', 'Dies ist eine Aufzählung:\n- Aufzählung\n- Aufzählung\n- Aufzählung\n- Aufzählung\n- Aufzählung\n- Aufzählung\n- Aufzählung\n\nFazit. Fazit. Fazit.', 'Dies ist eine Aufzählung:\n- Aufzählung\n- Aufzählung\n- Aufzählung\n- Aufzählung\n- Aufzählung\n- Aufzählung\n- Aufzählung\n\nFazit. Fazit. Fazit.', 8, 4, 6, 'kommentar'),
(76, 13, 1, 'Dies ist eine Aufzählung:\n- Aufzählung\n- Aufzählung\n- Aufzählung\n- Aufzählung\n- Aufzählung\n- Aufzählung\n- Aufzählung\n\nFazit. Fazit. Fazit.', 'Dies ist eine Aufzählung:\n- Aufzählung\n- Aufzählung\n- Aufzählung\n- Aufzählung\n- Aufzählung\n- Aufzählung\n- Aufzählung\n\nFazit. Fazit. Fazit.', 'Bacon ipsum dolor amet jowl sausage doner ground round, turkey meatloaf jerky short ribs leberkas salami pork belly rump fatback chicken venison. Pastrami drumstick pork meatloaf salami, hamburger landjaeger bacon sausage turducken corned beef.', 1, 7, 11, 'kommentar'),
(77, 89, 3, 'Bacon ipsum dolor amet jowl sausage doner ground round, turkey meatloaf jerky short ribs leberkas salami pork belly rump fatback chicken venison. Pastrami drumstick pork meatloaf salami, hamburger landjaeger bacon sausage turducken corned beef.', 'Bacon ipsum dolor amet jowl sausage doner ground round, turkey meatloaf jerky short ribs leberkas salami pork belly rump fatback chicken venison. Pastrami drumstick pork meatloaf salami, hamburger landjaeger bacon sausage turducken corned beef.', 'Dies ist ein Fließtext Beispiel. Dies ist ein Fließtext Beispiel. Dies ist ein Fließtext Beispiel. Dies ist ein Fließtext Beispiel. Dies ist ein Fließtext Beispiel. Dies ist ein Fließtext Beispiel. Dies ist ein Fließtext Beispiel. Dies ist ein Fließtext Beispiel. Dies ist ein Fließtext Beispiel. Dies ist ein Fließtext Beispiel. Dies ist ein Fließtext Beispiel. Dies ist ein Fließtext Beispiel.', 9, 4, 12, 'kommentar'),
(78, 37, 1, 'Dies ist eine Aufzählung:\n- Aufzählung\n- Aufzählung\n- Aufzählung\n- Aufzählung\n- Aufzählung\n- Aufzählung\n- Aufzählung\n\nFazit. Fazit. Fazit.', 'Dies ist ein Fließtext Beispiel. Dies ist ein Fließtext Beispiel. Dies ist ein Fließtext Beispiel. Dies ist ein Fließtext Beispiel. Dies ist ein Fließtext Beispiel. Dies ist ein Fließtext Beispiel. Dies ist ein Fließtext Beispiel. Dies ist ein Fließtext Beispiel. Dies ist ein Fließtext Beispiel. Dies ist ein Fließtext Beispiel. Dies ist ein Fließtext Beispiel. Dies ist ein Fließtext Beispiel.', 'Bacon ipsum dolor amet jowl sausage doner ground round, turkey meatloaf jerky short ribs leberkas salami pork belly rump fatback chicken venison. Pastrami drumstick pork meatloaf salami, hamburger landjaeger bacon sausage turducken corned beef.', 12, 8, 10, 'kommentar'),
(79, 74, 1, 'Dies ist eine Aufzählung:\n- Aufzählung\n- Aufzählung\n- Aufzählung\n- Aufzählung\n- Aufzählung\n- Aufzählung\n- Aufzählung\n\nFazit. Fazit. Fazit.', 'Dies ist ein Fließtext Beispiel. Dies ist ein Fließtext Beispiel. Dies ist ein Fließtext Beispiel. Dies ist ein Fließtext Beispiel. Dies ist ein Fließtext Beispiel. Dies ist ein Fließtext Beispiel. Dies ist ein Fließtext Beispiel. Dies ist ein Fließtext Beispiel. Dies ist ein Fließtext Beispiel. Dies ist ein Fließtext Beispiel. Dies ist ein Fließtext Beispiel. Dies ist ein Fließtext Beispiel.', 'Bacon ipsum dolor amet jowl sausage doner ground round, turkey meatloaf jerky short ribs leberkas salami pork belly rump fatback chicken venison. Pastrami drumstick pork meatloaf salami, hamburger landjaeger bacon sausage turducken corned beef.', 5, 4, 6, 'kommentar'),
(80, 97, 6, 'Dies ist eine Aufzählung:\n- Aufzählung\n- Aufzählung\n- Aufzählung\n- Aufzählung\n- Aufzählung\n- Aufzählung\n- Aufzählung\n\nFazit. Fazit. Fazit.', 'Dies ist ein Fließtext Beispiel. Dies ist ein Fließtext Beispiel. Dies ist ein Fließtext Beispiel. Dies ist ein Fließtext Beispiel. Dies ist ein Fließtext Beispiel. Dies ist ein Fließtext Beispiel. Dies ist ein Fließtext Beispiel. Dies ist ein Fließtext Beispiel. Dies ist ein Fließtext Beispiel. Dies ist ein Fließtext Beispiel. Dies ist ein Fließtext Beispiel. Dies ist ein Fließtext Beispiel.', 'Dies ist ein Fließtext Beispiel. Dies ist ein Fließtext Beispiel. Dies ist ein Fließtext Beispiel. Dies ist ein Fließtext Beispiel. Dies ist ein Fließtext Beispiel. Dies ist ein Fließtext Beispiel. Dies ist ein Fließtext Beispiel. Dies ist ein Fließtext Beispiel. Dies ist ein Fließtext Beispiel. Dies ist ein Fließtext Beispiel. Dies ist ein Fließtext Beispiel. Dies ist ein Fließtext Beispiel.', 5, 4, 5, 'kommentar'),
(81, 26, 10, 'Dies ist eine Aufzählung:\n- Aufzählung\n- Aufzählung\n- Aufzählung\n- Aufzählung\n- Aufzählung\n- Aufzählung\n- Aufzählung\n\nFazit. Fazit. Fazit.', 'Dies ist eine Aufzählung:\n- Aufzählung\n- Aufzählung\n- Aufzählung\n- Aufzählung\n- Aufzählung\n- Aufzählung\n- Aufzählung\n\nFazit. Fazit. Fazit.', 'Bacon ipsum dolor amet jowl sausage doner ground round, turkey meatloaf jerky short ribs leberkas salami pork belly rump fatback chicken venison. Pastrami drumstick pork meatloaf salami, hamburger landjaeger bacon sausage turducken corned beef.', 2, 3, 2, 'kommentar'),
(82, 8, 10, 'Dies ist ein Fließtext Beispiel. Dies ist ein Fließtext Beispiel. Dies ist ein Fließtext Beispiel. Dies ist ein Fließtext Beispiel. Dies ist ein Fließtext Beispiel. Dies ist ein Fließtext Beispiel. Dies ist ein Fließtext Beispiel. Dies ist ein Fließtext Beispiel. Dies ist ein Fließtext Beispiel. Dies ist ein Fließtext Beispiel. Dies ist ein Fließtext Beispiel. Dies ist ein Fließtext Beispiel.', 'Bacon ipsum dolor amet jowl sausage doner ground round, turkey meatloaf jerky short ribs leberkas salami pork belly rump fatback chicken venison. Pastrami drumstick pork meatloaf salami, hamburger landjaeger bacon sausage turducken corned beef.', 'Dies ist ein Fließtext Beispiel. Dies ist ein Fließtext Beispiel. Dies ist ein Fließtext Beispiel. Dies ist ein Fließtext Beispiel. Dies ist ein Fließtext Beispiel. Dies ist ein Fließtext Beispiel. Dies ist ein Fließtext Beispiel. Dies ist ein Fließtext Beispiel. Dies ist ein Fließtext Beispiel. Dies ist ein Fließtext Beispiel. Dies ist ein Fließtext Beispiel. Dies ist ein Fließtext Beispiel.', 12, 4, 12, 'kommentar'),
(83, 49, 8, 'Dies ist eine Aufzählung:\n- Aufzählung\n- Aufzählung\n- Aufzählung\n- Aufzählung\n- Aufzählung\n- Aufzählung\n- Aufzählung\n\nFazit. Fazit. Fazit.', 'Dies ist ein Fließtext Beispiel. Dies ist ein Fließtext Beispiel. Dies ist ein Fließtext Beispiel. Dies ist ein Fließtext Beispiel. Dies ist ein Fließtext Beispiel. Dies ist ein Fließtext Beispiel. Dies ist ein Fließtext Beispiel. Dies ist ein Fließtext Beispiel. Dies ist ein Fließtext Beispiel. Dies ist ein Fließtext Beispiel. Dies ist ein Fließtext Beispiel. Dies ist ein Fließtext Beispiel.', 'Bacon ipsum dolor amet jowl sausage doner ground round, turkey meatloaf jerky short ribs leberkas salami pork belly rump fatback chicken venison. Pastrami drumstick pork meatloaf salami, hamburger landjaeger bacon sausage turducken corned beef.', 2, 4, 8, 'kommentar'),
(84, 8, 7, 'Dies ist ein Fließtext Beispiel. Dies ist ein Fließtext Beispiel. Dies ist ein Fließtext Beispiel. Dies ist ein Fließtext Beispiel. Dies ist ein Fließtext Beispiel. Dies ist ein Fließtext Beispiel. Dies ist ein Fließtext Beispiel. Dies ist ein Fließtext Beispiel. Dies ist ein Fließtext Beispiel. Dies ist ein Fließtext Beispiel. Dies ist ein Fließtext Beispiel. Dies ist ein Fließtext Beispiel.', 'Dies ist ein Fließtext Beispiel. Dies ist ein Fließtext Beispiel. Dies ist ein Fließtext Beispiel. Dies ist ein Fließtext Beispiel. Dies ist ein Fließtext Beispiel. Dies ist ein Fließtext Beispiel. Dies ist ein Fließtext Beispiel. Dies ist ein Fließtext Beispiel. Dies ist ein Fließtext Beispiel. Dies ist ein Fließtext Beispiel. Dies ist ein Fließtext Beispiel. Dies ist ein Fließtext Beispiel.', 'Bacon ipsum dolor amet jowl sausage doner ground round, turkey meatloaf jerky short ribs leberkas salami pork belly rump fatback chicken venison. Pastrami drumstick pork meatloaf salami, hamburger landjaeger bacon sausage turducken corned beef.', 5, 3, 4, 'kommentar'),
(85, 8, 7, 'Bacon ipsum dolor amet jowl sausage doner ground round, turkey meatloaf jerky short ribs leberkas salami pork belly rump fatback chicken venison. Pastrami drumstick pork meatloaf salami, hamburger landjaeger bacon sausage turducken corned beef.', 'Dies ist ein Fließtext Beispiel. Dies ist ein Fließtext Beispiel. Dies ist ein Fließtext Beispiel. Dies ist ein Fließtext Beispiel. Dies ist ein Fließtext Beispiel. Dies ist ein Fließtext Beispiel. Dies ist ein Fließtext Beispiel. Dies ist ein Fließtext Beispiel. Dies ist ein Fließtext Beispiel. Dies ist ein Fließtext Beispiel. Dies ist ein Fließtext Beispiel. Dies ist ein Fließtext Beispiel.', 'Dies ist eine Aufzählung:\n- Aufzählung\n- Aufzählung\n- Aufzählung\n- Aufzählung\n- Aufzählung\n- Aufzählung\n- Aufzählung\n\nFazit. Fazit. Fazit.', 7, 6, 5, 'kommentar'),
(86, 72, 5, 'Bacon ipsum dolor amet jowl sausage doner ground round, turkey meatloaf jerky short ribs leberkas salami pork belly rump fatback chicken venison. Pastrami drumstick pork meatloaf salami, hamburger landjaeger bacon sausage turducken corned beef.', 'Dies ist eine Aufzählung:\n- Aufzählung\n- Aufzählung\n- Aufzählung\n- Aufzählung\n- Aufzählung\n- Aufzählung\n- Aufzählung\n\nFazit. Fazit. Fazit.', 'Dies ist ein Fließtext Beispiel. Dies ist ein Fließtext Beispiel. Dies ist ein Fließtext Beispiel. Dies ist ein Fließtext Beispiel. Dies ist ein Fließtext Beispiel. Dies ist ein Fließtext Beispiel. Dies ist ein Fließtext Beispiel. Dies ist ein Fließtext Beispiel. Dies ist ein Fließtext Beispiel. Dies ist ein Fließtext Beispiel. Dies ist ein Fließtext Beispiel. Dies ist ein Fließtext Beispiel.', 10, 7, 12, 'kommentar'),
(87, 23, 7, 'Dies ist ein Fließtext Beispiel. Dies ist ein Fließtext Beispiel. Dies ist ein Fließtext Beispiel. Dies ist ein Fließtext Beispiel. Dies ist ein Fließtext Beispiel. Dies ist ein Fließtext Beispiel. Dies ist ein Fließtext Beispiel. Dies ist ein Fließtext Beispiel. Dies ist ein Fließtext Beispiel. Dies ist ein Fließtext Beispiel. Dies ist ein Fließtext Beispiel. Dies ist ein Fließtext Beispiel.', 'Dies ist ein Fließtext Beispiel. Dies ist ein Fließtext Beispiel. Dies ist ein Fließtext Beispiel. Dies ist ein Fließtext Beispiel. Dies ist ein Fließtext Beispiel. Dies ist ein Fließtext Beispiel. Dies ist ein Fließtext Beispiel. Dies ist ein Fließtext Beispiel. Dies ist ein Fließtext Beispiel. Dies ist ein Fließtext Beispiel. Dies ist ein Fließtext Beispiel. Dies ist ein Fließtext Beispiel.', 'Dies ist eine Aufzählung:\n- Aufzählung\n- Aufzählung\n- Aufzählung\n- Aufzählung\n- Aufzählung\n- Aufzählung\n- Aufzählung\n\nFazit. Fazit. Fazit.', 2, 10, 12, 'kommentar'),
(88, 51, 2, 'Dies ist eine Aufzählung:\n- Aufzählung\n- Aufzählung\n- Aufzählung\n- Aufzählung\n- Aufzählung\n- Aufzählung\n- Aufzählung\n\nFazit. Fazit. Fazit.', 'Bacon ipsum dolor amet jowl sausage doner ground round, turkey meatloaf jerky short ribs leberkas salami pork belly rump fatback chicken venison. Pastrami drumstick pork meatloaf salami, hamburger landjaeger bacon sausage turducken corned beef.', 'Bacon ipsum dolor amet jowl sausage doner ground round, turkey meatloaf jerky short ribs leberkas salami pork belly rump fatback chicken venison. Pastrami drumstick pork meatloaf salami, hamburger landjaeger bacon sausage turducken corned beef.', 6, 12, 6, 'kommentar'),
(89, 71, 3, 'Dies ist ein Fließtext Beispiel. Dies ist ein Fließtext Beispiel. Dies ist ein Fließtext Beispiel. Dies ist ein Fließtext Beispiel. Dies ist ein Fließtext Beispiel. Dies ist ein Fließtext Beispiel. Dies ist ein Fließtext Beispiel. Dies ist ein Fließtext Beispiel. Dies ist ein Fließtext Beispiel. Dies ist ein Fließtext Beispiel. Dies ist ein Fließtext Beispiel. Dies ist ein Fließtext Beispiel.', 'Dies ist ein Fließtext Beispiel. Dies ist ein Fließtext Beispiel. Dies ist ein Fließtext Beispiel. Dies ist ein Fließtext Beispiel. Dies ist ein Fließtext Beispiel. Dies ist ein Fließtext Beispiel. Dies ist ein Fließtext Beispiel. Dies ist ein Fließtext Beispiel. Dies ist ein Fließtext Beispiel. Dies ist ein Fließtext Beispiel. Dies ist ein Fließtext Beispiel. Dies ist ein Fließtext Beispiel.', 'Dies ist eine Aufzählung:\n- Aufzählung\n- Aufzählung\n- Aufzählung\n- Aufzählung\n- Aufzählung\n- Aufzählung\n- Aufzählung\n\nFazit. Fazit. Fazit.', 11, 7, 5, 'kommentar'),
(90, 2, 5, 'Bacon ipsum dolor amet jowl sausage doner ground round, turkey meatloaf jerky short ribs leberkas salami pork belly rump fatback chicken venison. Pastrami drumstick pork meatloaf salami, hamburger landjaeger bacon sausage turducken corned beef.', 'Dies ist eine Aufzählung:\n- Aufzählung\n- Aufzählung\n- Aufzählung\n- Aufzählung\n- Aufzählung\n- Aufzählung\n- Aufzählung\n\nFazit. Fazit. Fazit.', 'Bacon ipsum dolor amet jowl sausage doner ground round, turkey meatloaf jerky short ribs leberkas salami pork belly rump fatback chicken venison. Pastrami drumstick pork meatloaf salami, hamburger landjaeger bacon sausage turducken corned beef.', 2, 10, 9, 'kommentar'),
(91, 34, 3, 'Bacon ipsum dolor amet jowl sausage doner ground round, turkey meatloaf jerky short ribs leberkas salami pork belly rump fatback chicken venison. Pastrami drumstick pork meatloaf salami, hamburger landjaeger bacon sausage turducken corned beef.', 'Dies ist ein Fließtext Beispiel. Dies ist ein Fließtext Beispiel. Dies ist ein Fließtext Beispiel. Dies ist ein Fließtext Beispiel. Dies ist ein Fließtext Beispiel. Dies ist ein Fließtext Beispiel. Dies ist ein Fließtext Beispiel. Dies ist ein Fließtext Beispiel. Dies ist ein Fließtext Beispiel. Dies ist ein Fließtext Beispiel. Dies ist ein Fließtext Beispiel. Dies ist ein Fließtext Beispiel.', 'Dies ist ein Fließtext Beispiel. Dies ist ein Fließtext Beispiel. Dies ist ein Fließtext Beispiel. Dies ist ein Fließtext Beispiel. Dies ist ein Fließtext Beispiel. Dies ist ein Fließtext Beispiel. Dies ist ein Fließtext Beispiel. Dies ist ein Fließtext Beispiel. Dies ist ein Fließtext Beispiel. Dies ist ein Fließtext Beispiel. Dies ist ein Fließtext Beispiel. Dies ist ein Fließtext Beispiel.', 2, 8, 8, 'kommentar'),
(92, 80, 7, 'Dies ist eine Aufzählung:\n- Aufzählung\n- Aufzählung\n- Aufzählung\n- Aufzählung\n- Aufzählung\n- Aufzählung\n- Aufzählung\n\nFazit. Fazit. Fazit.', 'Dies ist eine Aufzählung:\n- Aufzählung\n- Aufzählung\n- Aufzählung\n- Aufzählung\n- Aufzählung\n- Aufzählung\n- Aufzählung\n\nFazit. Fazit. Fazit.', 'Dies ist ein Fließtext Beispiel. Dies ist ein Fließtext Beispiel. Dies ist ein Fließtext Beispiel. Dies ist ein Fließtext Beispiel. Dies ist ein Fließtext Beispiel. Dies ist ein Fließtext Beispiel. Dies ist ein Fließtext Beispiel. Dies ist ein Fließtext Beispiel. Dies ist ein Fließtext Beispiel. Dies ist ein Fließtext Beispiel. Dies ist ein Fließtext Beispiel. Dies ist ein Fließtext Beispiel.', 7, 2, 12, 'kommentar'),
(93, 81, 6, 'Dies ist eine Aufzählung:\n- Aufzählung\n- Aufzählung\n- Aufzählung\n- Aufzählung\n- Aufzählung\n- Aufzählung\n- Aufzählung\n\nFazit. Fazit. Fazit.', 'Bacon ipsum dolor amet jowl sausage doner ground round, turkey meatloaf jerky short ribs leberkas salami pork belly rump fatback chicken venison. Pastrami drumstick pork meatloaf salami, hamburger landjaeger bacon sausage turducken corned beef.', 'Dies ist eine Aufzählung:\n- Aufzählung\n- Aufzählung\n- Aufzählung\n- Aufzählung\n- Aufzählung\n- Aufzählung\n- Aufzählung\n\nFazit. Fazit. Fazit.', 12, 12, 6, 'kommentar'),
(94, 88, 6, 'Dies ist ein Fließtext Beispiel. Dies ist ein Fließtext Beispiel. Dies ist ein Fließtext Beispiel. Dies ist ein Fließtext Beispiel. Dies ist ein Fließtext Beispiel. Dies ist ein Fließtext Beispiel. Dies ist ein Fließtext Beispiel. Dies ist ein Fließtext Beispiel. Dies ist ein Fließtext Beispiel. Dies ist ein Fließtext Beispiel. Dies ist ein Fließtext Beispiel. Dies ist ein Fließtext Beispiel.', 'Dies ist ein Fließtext Beispiel. Dies ist ein Fließtext Beispiel. Dies ist ein Fließtext Beispiel. Dies ist ein Fließtext Beispiel. Dies ist ein Fließtext Beispiel. Dies ist ein Fließtext Beispiel. Dies ist ein Fließtext Beispiel. Dies ist ein Fließtext Beispiel. Dies ist ein Fließtext Beispiel. Dies ist ein Fließtext Beispiel. Dies ist ein Fließtext Beispiel. Dies ist ein Fließtext Beispiel.', 'Dies ist eine Aufzählung:\n- Aufzählung\n- Aufzählung\n- Aufzählung\n- Aufzählung\n- Aufzählung\n- Aufzählung\n- Aufzählung\n\nFazit. Fazit. Fazit.', 5, 2, 1, 'kommentar'),
(95, 56, 4, 'Dies ist ein Fließtext Beispiel. Dies ist ein Fließtext Beispiel. Dies ist ein Fließtext Beispiel. Dies ist ein Fließtext Beispiel. Dies ist ein Fließtext Beispiel. Dies ist ein Fließtext Beispiel. Dies ist ein Fließtext Beispiel. Dies ist ein Fließtext Beispiel. Dies ist ein Fließtext Beispiel. Dies ist ein Fließtext Beispiel. Dies ist ein Fließtext Beispiel. Dies ist ein Fließtext Beispiel.', 'Bacon ipsum dolor amet jowl sausage doner ground round, turkey meatloaf jerky short ribs leberkas salami pork belly rump fatback chicken venison. Pastrami drumstick pork meatloaf salami, hamburger landjaeger bacon sausage turducken corned beef.', 'Dies ist eine Aufzählung:\n- Aufzählung\n- Aufzählung\n- Aufzählung\n- Aufzählung\n- Aufzählung\n- Aufzählung\n- Aufzählung\n\nFazit. Fazit. Fazit.', 5, 12, 10, 'kommentar'),
(96, 53, 9, 'Dies ist eine Aufzählung:\n- Aufzählung\n- Aufzählung\n- Aufzählung\n- Aufzählung\n- Aufzählung\n- Aufzählung\n- Aufzählung\n\nFazit. Fazit. Fazit.', 'Bacon ipsum dolor amet jowl sausage doner ground round, turkey meatloaf jerky short ribs leberkas salami pork belly rump fatback chicken venison. Pastrami drumstick pork meatloaf salami, hamburger landjaeger bacon sausage turducken corned beef.', 'Bacon ipsum dolor amet jowl sausage doner ground round, turkey meatloaf jerky short ribs leberkas salami pork belly rump fatback chicken venison. Pastrami drumstick pork meatloaf salami, hamburger landjaeger bacon sausage turducken corned beef.', 1, 3, 1, 'kommentar'),
(97, 11, 10, 'Dies ist ein Fließtext Beispiel. Dies ist ein Fließtext Beispiel. Dies ist ein Fließtext Beispiel. Dies ist ein Fließtext Beispiel. Dies ist ein Fließtext Beispiel. Dies ist ein Fließtext Beispiel. Dies ist ein Fließtext Beispiel. Dies ist ein Fließtext Beispiel. Dies ist ein Fließtext Beispiel. Dies ist ein Fließtext Beispiel. Dies ist ein Fließtext Beispiel. Dies ist ein Fließtext Beispiel.', 'Dies ist eine Aufzählung:\n- Aufzählung\n- Aufzählung\n- Aufzählung\n- Aufzählung\n- Aufzählung\n- Aufzählung\n- Aufzählung\n\nFazit. Fazit. Fazit.', 'Dies ist ein Fließtext Beispiel. Dies ist ein Fließtext Beispiel. Dies ist ein Fließtext Beispiel. Dies ist ein Fließtext Beispiel. Dies ist ein Fließtext Beispiel. Dies ist ein Fließtext Beispiel. Dies ist ein Fließtext Beispiel. Dies ist ein Fließtext Beispiel. Dies ist ein Fließtext Beispiel. Dies ist ein Fließtext Beispiel. Dies ist ein Fließtext Beispiel. Dies ist ein Fließtext Beispiel.', 11, 3, 7, 'kommentar'),
(98, 44, 3, 'Bacon ipsum dolor amet jowl sausage doner ground round, turkey meatloaf jerky short ribs leberkas salami pork belly rump fatback chicken venison. Pastrami drumstick pork meatloaf salami, hamburger landjaeger bacon sausage turducken corned beef.', 'Dies ist ein Fließtext Beispiel. Dies ist ein Fließtext Beispiel. Dies ist ein Fließtext Beispiel. Dies ist ein Fließtext Beispiel. Dies ist ein Fließtext Beispiel. Dies ist ein Fließtext Beispiel. Dies ist ein Fließtext Beispiel. Dies ist ein Fließtext Beispiel. Dies ist ein Fließtext Beispiel. Dies ist ein Fließtext Beispiel. Dies ist ein Fließtext Beispiel. Dies ist ein Fließtext Beispiel.', 'Dies ist eine Aufzählung:\n- Aufzählung\n- Aufzählung\n- Aufzählung\n- Aufzählung\n- Aufzählung\n- Aufzählung\n- Aufzählung\n\nFazit. Fazit. Fazit.', 11, 9, 2, 'kommentar'),
(99, 24, 6, 'Bacon ipsum dolor amet jowl sausage doner ground round, turkey meatloaf jerky short ribs leberkas salami pork belly rump fatback chicken venison. Pastrami drumstick pork meatloaf salami, hamburger landjaeger bacon sausage turducken corned beef.', 'Dies ist ein Fließtext Beispiel. Dies ist ein Fließtext Beispiel. Dies ist ein Fließtext Beispiel. Dies ist ein Fließtext Beispiel. Dies ist ein Fließtext Beispiel. Dies ist ein Fließtext Beispiel. Dies ist ein Fließtext Beispiel. Dies ist ein Fließtext Beispiel. Dies ist ein Fließtext Beispiel. Dies ist ein Fließtext Beispiel. Dies ist ein Fließtext Beispiel. Dies ist ein Fließtext Beispiel.', 'Bacon ipsum dolor amet jowl sausage doner ground round, turkey meatloaf jerky short ribs leberkas salami pork belly rump fatback chicken venison. Pastrami drumstick pork meatloaf salami, hamburger landjaeger bacon sausage turducken corned beef.', 8, 8, 12, 'kommentar');

-- --------------------------------------------------------

--
-- Table structure for table `user`
--

CREATE TABLE `user` (
  `id` bigint(20) NOT NULL,
  `user` varchar(45) NOT NULL,
  `password` varchar(200) NOT NULL,
  `instructor` tinyint(1) NOT NULL,
  `last_name` varchar(100) DEFAULT NULL,
  `first_name` varchar(100) DEFAULT NULL,
  `job` varchar(100) DEFAULT NULL,
  `educational_year` int(11) DEFAULT NULL,
  `instructor_id` bigint(20) DEFAULT NULL,
  `start_date` date DEFAULT NULL
) ENGINE=InnoDB DEFAULT CHARSET=latin1;

--
-- Dumping data for table `user`
--

INSERT INTO `user` (`id`, `user`, `password`, `instructor`, `last_name`, `first_name`, `job`, `educational_year`, `instructor_id`, `start_date`) VALUES
(1, 'cmohr', 'passwort', 1, 'Mohr', 'Carina', 'Fachinformatikerin', NULL, NULL, NULL),
(2, 'hscharf', 'passwort', 1, 'Scharf', 'Hans-Otto', 'Elektrotechniker', NULL, NULL, NULL),
(3, 'agruber', 'passwort', 1, 'Gruber', 'Alois', 'IT-Systemelektroniker', NULL, NULL, NULL),
(4, 'jwagner', 'passwort', 1, 'Wagner', 'John', 'Informatikkaufmann', NULL, NULL, NULL),
(5, 'bschütze-singer', 'passwort', 1, 'Schütze-Singer', 'Bettina', 'Systeminformatikerin', NULL, NULL, NULL),
(6, 'dkrause', 'passwort', 0, 'Krause', 'Denise', 'IT-Systemkauffrau', 1, 5, '2017-09-01'),
(7, 'emüller', 'passwort', 0, 'Müller', 'Ernst', 'Mathematisch-technischer Softwareentwickler', 1, 5, '2017-09-01'),
(8, 'rnickel', 'passwort', 0, 'Nickel', 'Rudolf', 'Systeminformatiker', 1, 3, '2017-09-01'),
(9, 'rmann', 'passwort', 0, 'Mann', 'Ronald', 'IT-Systemelektroniker', 2, 1, '2016-09-01'),
(10, 'ereimann', 'passwort', 0, 'Reimann', 'Eckehard', 'Fachinformatiker Systemintegration', 1, 5, '2017-09-01'),
(11, 'kstadler', 'passwort', 0, 'Stadler', 'Käte', 'Fachinformatikerin', 1, 1, '2017-09-01'),
(12, 'khofmann-böhme', 'passwort', 0, 'Hofmann-Böhme', 'Klaus-Peter', 'Mathematisch-technischer Softwareentwickler', 3, 1, '2015-09-01'),
(13, 'jschmidt', 'passwort', 0, 'Schmidt', 'Johanna', 'Fachinformatikerin', 2, 5, '2016-08-01'),
(14, 'nbender', 'passwort', 0, 'Bender', 'Nikolaos', 'Mathematisch-technischer Softwareentwickler', 1, 3, '2017-08-01'),
(15, 'ksiebert', 'passwort', 0, 'Siebert', 'Katharina', 'Informatikkauffrau', 1, 1, '2017-09-01'),
(16, 'wnagel-schumacher', 'passwort', 0, 'Nagel-Schumacher', 'Wiebke', 'Fachinformatikerin', 3, 3, '2015-08-01'),
(17, 'kköster', 'passwort', 0, 'Köster', 'Karl-Heinrich', 'Systeminformatiker', 2, 4, '2016-08-01'),
(18, 'areichel', 'passwort', 0, 'Reichel', 'Ahmed', 'Fachinformatiker Anwedungsentwicklung', 1, 2, '2017-09-01'),
(19, 'mbrinkmann', 'passwort', 0, 'Brinkmann', 'Marika', 'Fachinformatikerin Anwedungsentwicklung', 1, 4, '2017-08-01'),
(20, 'uschuler', 'passwort', 0, 'Schuler', 'Uli', 'Informatikkaufmann', 3, 1, '2015-08-01'),
(21, 'owalter', 'passwort', 0, 'Walter', 'Ortrud', 'Fachinformatikerin Anwedungsentwicklung', 3, 5, '2015-08-01'),
(22, 'ebenz-behrens', 'passwort', 0, 'Benz-Behrens', 'Else', 'Technische Assistentin für Informatik', 2, 5, '2016-08-01'),
(23, 'hberg', 'passwort', 0, 'Berg', 'Harri', 'IT-Systemkaufmann', 3, 4, '2015-08-01'),
(24, 'lkramer-krüger', 'passwort', 0, 'Kramer-Krüger', 'Lukas', 'Fachinformatiker Systemintegration', 3, 4, '2015-08-01'),
(25, 'kpeter', 'passwort', 0, 'Peter', 'Klaus', 'Mathematisch-technische Softwareentwicklerin', 1, 5, '2017-08-01'),
(26, 'lschiller', 'passwort', 0, 'Schiller', 'Loni', 'Technische Assistentin für Informatik', 1, 5, '2017-08-01'),
(27, 'jbartels', 'passwort', 0, 'Bartels', 'Jens-Uwe', 'Technischer Assistent für Informatik', 3, 5, '2015-09-01'),
(28, 'ekirsch', 'passwort', 0, 'Kirsch', 'Elise', 'IT-Systemelektronikerin', 1, 4, '2017-08-01'),
(29, 'gwiedemann', 'passwort', 0, 'Wiedemann', 'Gebhard', 'Fachinformatiker', 3, 3, '2015-09-01'),
(30, 'ischäfer', 'passwort', 0, 'Schäfer', 'Inga', 'Mathematisch-technische Softwareentwicklerin', 3, 2, '2015-08-01'),
(31, 'cberg', 'passwort', 0, 'Berg', 'Christopher', 'IT-Systemkaufmann', 1, 2, '2017-09-01'),
(32, 'mmetzger', 'passwort', 0, 'Metzger', 'Marie-Luise', 'Systeminformatikerin', 2, 4, '2016-08-01'),
(33, 'hklemm', 'passwort', 0, 'Klemm', 'Hilda', 'Mathematisch-technische Softwareentwicklerin', 2, 5, '2016-09-01'),
(34, 'nschiller', 'passwort', 0, 'Schiller', 'Natascha', 'Technische Assistentin für Informatik', 1, 3, '2017-08-01'),
(35, 'evetter', 'passwort', 0, 'Vetter', 'Eckard', 'IT-Systemkaufmann', 3, 2, '2015-09-01'),
(36, 'skönig-schüler', 'passwort', 0, 'König-Schüler', 'Sieglinde', 'Fachinformatikerin Anwedungsentwicklung', 2, 1, '2016-08-01');

--
-- Indexes for dumped tables
--

--
-- Indexes for table `report`
--
ALTER TABLE `report`
  ADD PRIMARY KEY (`id`),
  ADD KEY `user_id` (`user_id`);

--
-- Indexes for table `report_revision`
--
ALTER TABLE `report_revision`
  ADD PRIMARY KEY (`id`),
  ADD KEY `report_id` (`report_id`);

--
-- Indexes for table `user`
--
ALTER TABLE `user`
  ADD PRIMARY KEY (`id`),
  ADD KEY `instructor_id` (`instructor_id`);

--
-- AUTO_INCREMENT for dumped tables
--

--
-- AUTO_INCREMENT for table `report`
--
ALTER TABLE `report`
  MODIFY `id` bigint(20) NOT NULL AUTO_INCREMENT, AUTO_INCREMENT=101;

--
-- AUTO_INCREMENT for table `report_revision`
--
ALTER TABLE `report_revision`
  MODIFY `id` bigint(20) NOT NULL AUTO_INCREMENT, AUTO_INCREMENT=100;

--
-- AUTO_INCREMENT for table `user`
--
ALTER TABLE `user`
  MODIFY `id` bigint(20) NOT NULL AUTO_INCREMENT, AUTO_INCREMENT=37;

--
-- Constraints for dumped tables
--

--
-- Constraints for table `report`
--
ALTER TABLE `report`
  ADD CONSTRAINT `report_ibfk_1` FOREIGN KEY (`user_id`) REFERENCES `user` (`id`);

--
-- Constraints for table `report_revision`
--
ALTER TABLE `report_revision`
  ADD CONSTRAINT `report_revision_ibfk_1` FOREIGN KEY (`report_id`) REFERENCES `report` (`id`);

--
-- Constraints for table `user`
--
ALTER TABLE `user`
  ADD CONSTRAINT `user_ibfk_1` FOREIGN KEY (`instructor_id`) REFERENCES `user` (`id`);
COMMIT;

/*!40101 SET CHARACTER_SET_CLIENT=@OLD_CHARACTER_SET_CLIENT */;
/*!40101 SET CHARACTER_SET_RESULTS=@OLD_CHARACTER_SET_RESULTS */;
/*!40101 SET COLLATION_CONNECTION=@OLD_COLLATION_CONNECTION */;
